year,state,margin,total votes,initial sample,expected sample
1980,Alabama,0.013012610950355793,1341929,899,11076,0.008253789880090526
1980,Alaska,0.07669538325601943,158445,153,153,0.0009656347628514626
1980,Arizona,0.010751076937859027,874238,1088,874238,1.0
1980,Arkansas,0.006116416064337582,837582,1912,837582,1.0
1980,California,0.16778065972281286,8582938,70,70,8.155715443825879e-06
1980,Colorado,0.016215120942209463,1184450,721,8813,0.007440584237409768
1980,Connecticut,0.09633751337744483,1406285,122,122,8.675339635991281e-05
1980,Delaware,0.023329429536466554,235668,502,502,0.0021301152468727194
1980,District of Columbia,0.6148635048795495,173889,20,21,0.00012076669599572141
1980,Florida,0.03174757731845518,3686927,369,369,0.00010008334854473658
1980,Georgia,0.017248818734911277,1596805,678,823,0.0005154041977573968
1980,Hawaii,0.01901499239993801,303287,615,615,0.002027782265642774
1980,Idaho,0.00969414098128726,439647,1206,439647,1.0
1980,Illinois,0.07929644709657684,4749721,148,148,3.115972496068716e-05
1980,Indiana,0.07424154773814659,2242033,158,158,7.04717548760433e-05
1980,Iowa,0.0770069084536918,1317661,152,152,0.00011535592235028585
1980,Kansas,0.2456248500961936,979795,48,48,4.8989839711368196e-05
1980,Kentucky,0.01378251610996066,1295627,849,10436,0.008054787373217754
1980,Louisiana,0.054501156212324625,1548591,215,215,0.00013883588371622977
1980,Maine,0.03355187558196673,523011,349,349,0.0006672899805166622
1980,Maryland,0.029571644457369574,1540496,396,396,0.0002570600637716683
1980,Massachusetts,0.001516982357998328,2524090,7707,2524090,1.0
1980,Michigan,0.06488768391638798,3909725,181,181,4.6294816131569356e-05
1980,Minnesota,0.039429001966942115,2051916,297,297,0.00014474276724778208
1980,Mississippi,0.013241379310344827,891750,883,10878,0.012198486122792262
1980,Missouri,0.042603570584963314,2099824,275,275,0.00013096335692896167
1980,Montana,0.24393876115531718,363952,48,48,0.00013188552336571856
1980,Nebraska,0.39527280062170367,639533,30,31,4.847287004736269e-05
1980,Nevada,0.2137739441590204,243692,55,55,0.00022569472941253715
1980,New Hampshire,0.04193859215083726,383990,279,279,0.0007265814213911821
1980,New Jersey,0.13415167739585251,2975684,88,88,2.957303262039921e-05
1980,New Mexico,0.18181997514449727,456237,65,65,0.0001424698128385028
1980,New York,0.014619896713280433,6201959,800,9817,0.0015828869555571071
1980,North Carolina,0.005609879768276564,1855833,2084,1855833,1.0
1980,North Dakota,0.38027205462346736,301116,31,31,0.0001029503580015675
1980,Ohio,0.10601612707806957,4283603,111,111,2.5912765492040227e-05
1980,Oklahoma,0.0947797179805655,1149708,124,124,0.00010785347235993835
1980,Oregon,0.07814282667352791,1181516,150,150,0.0001269555384776846
1980,Pennsylvania,0.02367926697812847,4561501,494,494,0.00010829768534524053
1980,Rhode Island,0.10469340115922657,415967,112,112,0.00026925212817362914
1980,South Carolina,0.012447959939567108,888258,940,11596,0.013054765619898724
1980,South Dakota,0.18790185015089883,327703,63,63,0.00019224724827053766
1980,Tennessee,0.002911692268127912,1617616,4015,1617616,1.0
1980,Texas,0.13861921122696755,4541636,85,85,1.8715722704329452e-05
1980,Utah,0.47375660429825606,604152,25,25,4.138031488764417e-05
1980,Vermont,0.012916141191473003,213299,906,11162,0.05233029690715849
1980,Virginia,0.12724058322686857,1866032,92,92,4.930247712793778e-05
1980,Washington,0.08279700228536141,1742394,142,142,8.149706667952254e-05
1980,West Virginia,0.04507973946578286,737715,260,260,0.0003524396277695316
1980,Wisconsin,0.017958658660992485,2273221,651,651,0.00028637778728948923
1980,Wyoming,0.34673736510613257,176713,34,34,0.00019240236994448625
1982,Arizona,0.16607748468334058,723885,71,115,0.00015886501308909565
1982,California,0.06759341229525524,7805450,173,3661,0.0004690312538034322
1982,Connecticut,0.04323087600645311,1083508,271,1083508,1.0
1982,Delaware,0.10967741935483871,190960,107,259,0.0013563049853372435
1982,Florida,0.23454154809323366,2653419,50,69,2.60041855432557e-05
1982,Hawaii,0.6309030384125844,306410,19,21,6.85356222055416e-05
1982,Indiana,0.08248614555653565,1817287,142,647,0.00035602521781094565
1982,Maine,0.21738903451051195,459715,54,77,0.0001674950784725319
1982,Maryland,0.2691528586423131,1114690,44,58,5.203240362791449e-05
1982,Massachusetts,0.22551637946545905,2050769,52,73,3.559640310537169e-05
1982,Michigan,0.16882051234097464,2994334,70,112,3.740397697785217e-05
1982,Minnesota,0.06029118816407386,1804675,194,1804675,1.0
1982,Mississippi,0.28397614979861274,645026,42,54,8.371755557140332e-05
1982,Missouri,0.017004627731012405,1543521,688,1543521,1.0
1982,Montana,0.12792544742137033,321062,92,185,0.0005762126941213846
1982,Nebraska,0.3804474321310298,545647,31,37,6.78094079139077e-05
1982,Nevada,0.024062408282538698,235097,486,235097,1.0
1982,New Jersey,0.0318708992249122,2193945,367,2193945,1.0
1982,New Mexico,0.07547738445196511,404810,155,1056,0.002608631209703318
1982,New York,0.33699946192717034,4967729,35,43,8.655866694821718e-06
1982,North Dakota,0.287920294134456,262465,41,53,0.00020193168612957918
1982,Ohio,0.15520033644896145,3395463,76,129,3.799187327324727e-05
1982,Pennsylvania,0.20073011130632046,3604108,59,86,2.3861660083438122e-05
1982,Rhode Island,0.023957196786258163,342778,488,342778,1.0
1982,Tennessee,0.2385097457105776,1259785,50,68,5.39774644086094e-05
1982,Texas,0.18093257630027645,3103167,65,101,3.254739432328328e-05
1982,Utah,0.16927215797981168,530802,70,112,0.00021100146570661
1982,Vermont,0.03041035225771122,168002,385,168002,1.0
1982,Virginia,0.023828394868121574,1415622,491,1415622,1.0
1982,Washington,0.4467612146650727,1368476,27,31,2.265293655131694e-05
1982,West Virginia,0.37724167453839813,565314,31,38,6.721927990461937e-05
1982,Wisconsin,0.2951395024736501,1544883,40,51,3.301220869153198e-05
1982,Wyoming,0.13313515679671753,167191,88,171,0.0010227823267998876
1984,Alabama,0.2226171228254167,1441713,53,53,3.6761824302062896e-05
1984,Alaska,0.36786204571180847,207605,32,33,0.00015895570915922064
1984,Arizona,0.3387883968858472,1025897,35,35,3.4116485378161746e-05
1984,Arkansas,0.14555079906739665,884406,81,81,9.158689561129165e-05
1984,California,0.1624916715246152,9505041,72,72,7.574927872483664e-06
1984,Colorado,0.28266254895751225,1297809,42,42,3.2362235120884506e-05
1984,Connecticut,0.21901970141113913,1466900,54,54,3.68123253118822e-05
1984,Delaware,0.1953474851908301,254572,60,60,0.00023568970664487846
1984,District of Columbia,0.7165527621066979,211288,17,17,8.04588997008822e-05
1984,Florida,0.3065833407295748,4180051,39,39,9.330029705379192e-06
1984,Georgia,0.2038699332189631,1776103,58,58,3.265576377045701e-05
1984,Hawaii,0.11283743144179177,335846,104,104,0.0003096657396544845
1984,Idaho,0.45629268577432724,411144,26,27,6.567042204191232e-05
1984,Illinois,0.018494370719107017,4819088,633,633,0.00013135265427815387
1984,Indiana,0.23991600796930143,2233069,49,49,2.194289562928866e-05
1984,Iowa,0.07385030364334125,1319805,159,159,0.0001204723425051428
1984,Kansas,0.3367417129896447,1021991,35,35,3.4246876929444584e-05
1984,Kentucky,0.0038478250550445653,1369345,3039,1369345,1.0
1984,Louisiana,0.2259831429405058,1706822,52,52,3.0465977120051182e-05
1984,Maine,0.22053027783000448,553144,54,54,9.762376524015446e-05
1984,Maryland,0.05488661730333981,1675873,213,213,0.00012709793641880977
1984,Massachusetts,0.027869998355072298,2559383,420,420,0.00016410205115842372
1984,Michigan,0.04485648104064069,3801658,261,261,6.865425559058705e-05
1984,Minnesota,0.0018043137538985123,2084449,6480,2084449,1.0
1984,Mississippi,0.2188397882886667,952240,54,54,5.670839284214064e-05
1984,Missouri,0.2004950133575407,2122771,59,59,2.779386000656689e-05
1984,Montana,0.15972859978614745,384377,74,74,0.00019251932347669085
1984,Nebraska,0.03844561333558251,652090,305,305,0.0004677268475210477
1984,Nevada,0.34350605021983116,282717,35,35,0.00012379871037114854
1984,New Hampshire,0.1758300248904614,388904,67,67,0.00017227902001522226
1984,New Jersey,0.20892971793072543,3217862,56,56,1.7402859414107876e-05
1984,New Mexico,0.20477866127495772,514370,58,58,0.00011275929778175243
1984,New York,0.05512626325694415,6806810,213,213,3.1292191202633836e-05
1984,North Carolina,0.03853418256216585,2239051,304,304,0.0001357718068949747
1984,North Dakota,0.31040777289778004,308971,38,38,0.00012298888892485054
1984,Ohio,0.18695486864033958,4563235,63,63,1.3805995089010318e-05
1984,Oklahoma,0.3794370522332194,1255676,31,31,2.4687897196410538e-05
1984,Oregon,0.12166140655688787,1226527,97,97,7.90850914818834e-05
1984,Pennsylvania,0.07351891255614405,4844903,160,160,3.3024396979671216e-05
1984,Rhode Island,0.036478444002153526,410489,321,321,0.0007819941581869429
1984,South Carolina,0.27988836679128865,968529,42,42,4.336473146390041e-05
1984,South Dakota,0.26474594720433386,317867,45,45,0.0001415686434892581
1984,Tennessee,0.16267473056256657,1711993,72,72,4.205624672530787e-05
1984,Texas,0.16837036511423378,5397571,70,70,1.2968796519767873e-05
1984,Utah,0.4982657196945634,629656,24,25,3.970421944680905e-05
1984,Vermont,0.17110687624967494,234561,69,69,0.0002941665494263752
1984,Virginia,0.2519422258558162,2146635,47,47,2.189473291919679e-05
1984,Washington,0.13510941858542544,1874910,87,87,4.6402227306910735e-05
1984,West Virginia,0.04016761310350639,735742,292,292,0.000396878253518217
1984,Wisconsin,0.09171452224973764,2211689,128,128,5.787432138967097e-05
1984,Wyoming,0.42266944667880274,188968,28,29,0.00015346513695440497
1986,Alabama,0.005630016412285862,1211897,2077,1211897,1.0
1986,Alaska,0.09926383150535671,180801,118,336,0.00185839680090265
1986,Arizona,0.2096194205495057,862921,56,81,9.386722538911441e-05
1986,Arkansas,0.24559625125990853,695487,48,65,9.345969083534272e-05
1986,California,0.014174297306656437,7398462,825,7398462,1.0
1986,Colorado,0.01551238964332345,1060765,754,1060765,1.0
1986,Connecticut,0.2991576699732735,976933,40,50,5.118058249644551e-05
1986,Florida,0.09480098519065329,3429996,124,385,0.00011224502885717652
1986,Georgia,0.018339472068753835,1225008,638,1225008,1.0
1986,Hawaii,0.47134554147391855,328797,25,29,8.820031812942332e-05
1986,Idaho,0.03112893430779218,382024,376,382024,1.0
1986,Illinois,0.313828279829888,3122883,38,47,1.505019560451032e-05
1986,Indiana,0.22059987202074585,1545563,53,75,4.8526006380846334e-05
1986,Iowa,0.32460903245484785,891762,37,45,5.046189454136866e-05
1986,Kansas,0.40098547050266764,823566,30,35,4.249811186960122e-05
1986,Kentucky,0.4879001299314907,677280,24,28,4.134183793999527e-05
1986,Louisiana,0.05640935048401449,1369897,208,1369897,1.0
1986,Maryland,0.2137390721322408,1112637,55,79,7.100249227735551e-05
1986,Missouri,0.05278993750198839,1477327,222,1477327,1.0
1986,Nevada,0.05478139364415192,261932,214,261932,1.0
1986,New Hampshire,0.30591456064723066,244735,39,49,0.00020021656076981225
1986,New York,0.06846235299705074,4484859,171,2878,0.000641714711655372
1986,North Dakota,0.007335310176358849,289013,1594,289013,1.0
1986,Ohio,0.2490445147666482,3121189,47,64,2.0505006265240586e-05
1986,Oklahoma,0.10429623595392462,893666,113,294,0.0003289819686549561
1986,Oregon,0.26912920661260076,1042555,44,58,5.563255655576924e-05
1986,Pennsylvania,0.13566824718062084,3378226,87,165,4.8842202978723155e-05
1986,South Carolina,0.2745588526238478,737962,43,56,7.588466614812145e-05
1986,South Dakota,0.0320589527769327,295830,365,295830,1.0
1986,Utah,0.4575499125510502,435111,26,30,6.894792363327978e-05
1986,Vermont,0.2865945494881241,196532,41,53,0.00026967618504874526
1986,Washington,0.019844964022590658,1337367,590,1337367,1.0
1986,Wisconsin,0.03479699617172361,1483174,336,1483174,1.0
1988,Alabama,0.19301750628955455,1378476,61,61,4.425176789439932e-05
1988,Alaska,0.23319974414839392,200116,51,51,0.0002548521857322753
1988,Arizona,0.1555996255566943,1171873,76,76,6.485344401654445e-05
1988,Arkansas,0.1417610403291863,827738,83,83,0.00010027327487683301
1988,California,0.035671253299133766,9887065,328,328,3.31746580001244e-05
1988,Colorado,0.07776484012608624,1372394,151,151,0.00011002671244555135
1988,Connecticut,0.006959291780345492,1443394,1680,1443394,1.0
1988,Delaware,0.1240220736241001,249891,95,95,0.00038016575226798886
1988,District of Columbia,0.683425188073228,192877,18,19,9.850837580426904e-05
1988,Florida,0.008023126164925704,4302313,1458,4302313,1.0
1988,Georgia,0.20254443899225938,1809672,58,58,3.205000685207043e-05
1988,Hawaii,0.09518395535757107,354461,123,123,0.0003470057354687822
1988,Idaho,0.26067809706382894,408968,45,45,0.00011003305882122806
1988,Illinois,0.020837135236624612,4559120,562,562,0.00012326940286722
1988,Indiana,0.2015658798840369,2168621,58,58,2.6745106683002702e-05
1988,Iowa,0.10215451194258551,1225614,115,115,9.383052086546008e-05
1988,Kansas,0.13233351190883788,993044,89,89,8.962342051308905e-05
1988,Kentucky,0.11637884427950643,1322517,101,101,7.636952870927178e-05
1988,Louisiana,0.10210158199044099,1628202,115,115,7.063005695853463e-05
1988,Maine,0.11416716809311264,556745,103,103,0.00018500390663589255
1988,Maryland,0.029085523560423203,1714358,402,402,0.0002344901123335966
1988,Massachusetts,0.07853992762840792,2632801,149,149,5.659371900876671e-05
1988,Michigan,0.07895615430549147,3669163,149,149,4.060871648384114e-05
1988,Minnesota,0.07017107101808001,2096790,167,167,7.964555344121252e-05
1988,Mississippi,0.07820800047321327,946719,150,150,0.00015844194528682746
1988,Missouri,0.03981123890947379,2093228,294,294,0.00014045292724920554
1988,Montana,0.037290045231545034,365674,314,314,0.0008586883398874407
1988,Nebraska,0.15043122810169796,667860,78,78,0.00011679094420986435
1988,Nevada,0.041418342158871344,343133,283,283,0.0008247530840810997
1988,New Hampshire,0.261563731202486,450525,45,45,9.98834692858332e-05
1988,New Jersey,0.08064646740997815,3099553,145,145,4.678093905798675e-05
1988,New Mexico,0.04956778745921935,521387,236,236,0.00045263882682153566
1988,New York,0.06430671989364882,6485683,182,182,2.8061809373045213e-05
1988,North Carolina,0.16261988315053155,2134370,72,72,3.373360757506899e-05
1988,North Dakota,0.13059230776993955,297261,90,90,0.0003027642374882679
1988,Ohio,0.10854916884503202,4393585,108,108,2.4581292953248886e-05
1988,Oklahoma,0.16647139797580945,1171036,71,71,6.063007456645227e-05
1988,Oregon,0.046667454443477294,1201694,251,251,0.00020887180929587732
1988,Pennsylvania,0.023178391142818156,4536251,505,505,0.00011132540946257163
1988,Rhode Island,0.09034605137634631,404622,130,130,0.0003212875226754848
1988,South Carolina,0.23923615301685888,986009,49,49,4.969528675701743e-05
1988,South Dakota,0.0634363288401264,312991,185,185,0.0005910713087596768
1988,Tennessee,0.163446294881589,1636250,72,72,4.400305576776165e-05
1988,Texas,0.12604188738274794,5427410,93,93,1.713524498794084e-05
1988,Utah,0.3417252955141204,647008,35,35,5.409515801968446e-05
1988,Vermont,0.035162414518674384,243328,333,333,0.0013685231457127827
1988,Virginia,0.2050379424432004,2191609,58,58,2.6464574657249536e-05
1988,Washington,0.01591258665714517,1865253,735,8988,0.004818649266346174
1988,West Virginia,0.04737559906384555,653311,247,247,0.00037807414845303383
1988,Wisconsin,0.036181196637354855,2191608,324,324,0.00014783665692039816
1988,Wyoming,0.007305320395216728,180964,1601,180964,1.0
1990,Alabama,0.21146956429291044,1185154,56,80,6.75017761404847e-05
1990,Alaska,0.3403612396489732,189957,35,43,0.00022636701990450472
1990,Arkansas,0.9966648811990257,494735,12,13,2.6276693583433556e-05
1990,Colorado,0.14021351686403588,1022027,84,155,0.00015165939843076552
1990,Delaware,0.2684547367018767,180157,44,58,0.00032194141776339523
1990,Georgia,inf,1033439,12,12
1990,Idaho,0.22582421756305074,315936,52,73,0.00023105945507950979
1990,Illinois,0.3013680384988642,3251005,39,50,1.5379859458844266e-05
1990,Iowa,0.09056104429874798,983933,130,447,0.00045429922565865764
1990,Kansas,0.47201409247871184,786235,25,29,3.688464644794495e-05
1990,Kentucky,0.04373096363576817,916010,268,916010,1.0
1990,Louisiana,inf,1,12,12
1990,Maine,0.22700261377613776,520320,52,72,0.00013837638376383763
1990,Massachusetts,0.13560910987020838,2424579,87,165,6.805305168443677e-05
1990,Michigan,0.1624913005068553,2560494,72,120,4.686595633498848e-05
1990,Minnesota,0.026340052377014953,1808045,444,1808045,1.0
1990,Mississippi,inf,274244,12,12
1990,Montana,0.3874508354836285,319336,31,37,0.0001158654207480522
1990,Nebraska,0.17979280195612196,593828,66,102,0.00017176690893659443
1990,New Hampshire,0.3380074332602362,291393,35,43,0.0001475670314660956
1990,New Jersey,0.03040361029975434,1938454,385,1938454,1.0
1990,New Mexico,0.4587406435378362,406938,26,30,7.372130398242484e-05
1990,North Carolina,0.05110106615577519,2069585,229,2069585,1.0
1990,Oklahoma,0.6635063052714647,884498,18,20,2.2611696125938103e-05
1990,Oregon,0.07491619323996707,1099255,157,1112,0.0010115942160827105
1990,Rhode Island,0.23665749240513978,364062,50,68,0.0001867813724036016
1990,South Carolina,0.31692410978319363,750716,37,47,6.260689794809221e-05
1990,South Dakota,0.07319211046583467,258976,160,1330,0.005135611021870753
1990,Tennessee,0.37911297297435204,783922,31,38,4.847421044440646e-05
1990,Texas,0.22824049352237494,3822157,52,72,1.8837530745074052e-05
1990,Virginia,0.6275106349601823,1083690,19,21,1.9378235473244195e-05
1990,West Virginia,0.36646343725652664,404305,32,39,9.646182955936731e-05
1990,Wyoming,0.27872513195290294,157632,42,55,0.0003489139261063743
1992,Alabama,0.06765340094546403,1688060,173,173,0.00010248450884447235
1992,Alaska,0.09170386760848878,258506,128,128,0.0004951529171469907
1992,Arizona,0.0195268918441803,1486975,599,599,0.00040283125136602834
1992,Arkansas,0.17724553543722052,950653,66,66,6.942596299596172e-05
1992,California,0.047547454701748273,11131721,246,246,2.2099008769623313e-05
1992,Colorado,0.04258976025694949,1569180,275,275,0.00017525076791700123
1992,Connecticut,0.003481099596821099,1616156,3359,1616156,1.0
1992,Delaware,0.08197293004626752,289620,143,143,0.0004937504316000276
1992,District of Columbia,0.7554576134146556,227572,16,17,7.47016328898107e-05
1992,Florida,0.019123753715140912,5313392,612,612,0.0001151806604895705
1992,Georgia,0.0059083214964416085,2321133,1979,2321133,1.0
1992,Hawaii,0.11395711856496854,372842,103,103,0.00027625643033778386
1992,Idaho,0.12949634318854047,482114,91,91,0.00018875203789974986
1992,Illinois,0.09987729094362809,5050157,118,118,2.336561021766254e-05
1992,Indiana,0.061128744843054965,2305871,192,192,8.326571607865314e-05
1992,Iowa,0.06013699914440129,1354607,195,195,0.00014395319085166398
1992,Kansas,0.051430304622393355,1157236,228,228,0.00019702117804838425
1992,Kentucky,0.03210261906356755,1492900,365,365,0.0002444905887869248
1992,Louisiana,0.04613643334113587,1790017,254,254,0.0001418980937052553
1992,Maine,0.08329666415991782,679499,141,141,0.0002075058241439649
1992,Maryland,0.14183202491207209,1984580,83,83,4.182245109796531e-05
1992,Massachusetts,0.1851702297033815,2773664,64,64,2.3074171925655017e-05
1992,Michigan,0.07398039569342497,4274673,159,159,3.719582761067338e-05
1992,Minnesota,0.11633818125444005,2347948,101,101,4.3016284858097366e-05
1992,Mississippi,0.08915830526394057,981793,132,132,0.00013444789278391678
1992,Missouri,0.06855520288382325,2391270,171,171,7.151011805442297e-05
1992,Montana,0.02508627975342379,410583,467,467,0.0011374070528979525
1992,Nebraska,0.1719404620186402,737546,68,68,9.219763919809747e-05
1992,Nevada,0.026307577451325056,506318,445,445,0.0008788942917297035
1992,New Hampshire,0.012203680090838864,537215,958,11836,0.02203214727809164
1992,New Jersey,0.023729256602326717,3343594,493,493,0.00014744613131857515
1992,New Mexico,0.08560385693683704,569986,137,137,0.00024035678069285913
1992,New York,0.0409890228481607,7079432,286,286,4.039872125334349e-05
1992,North Carolina,0.007894404349407509,2611850,1481,2611850,1.0
1992,North Dakota,0.12032466499855582,308133,98,98,0.0003180444807923851
1992,Ohio,0.018346681263255404,4939967,638,638,0.00012915066031817622
1992,Oklahoma,0.08621010832454064,1390359,136,136,9.781646323000031e-05
1992,Oregon,0.05305737627021768,1462643,221,221,0.00015109633724702474
1992,Pennsylvania,0.02684760101697444,4959810,436,436,8.790659319611034e-05
1992,Rhode Island,0.1802035887199056,453365,65,65,0.0001433723379616865
1992,South Carolina,0.029989942322965354,1228912,390,390,0.0003173538870155064
1992,South Dakota,0.03518173761501722,336254,333,333,0.0009903227916991321
1992,Tennessee,0.04651429055631941,1982638,252,252,0.00012710338448067675
1992,Texas,0.03481562777359442,6154018,336,336,5.45984753375762e-05
1992,Utah,0.15668330962360197,758479,75,75,9.888210484403655e-05
1992,Vermont,0.10668931070310424,289701,110,110,0.0003797018305080065
1992,Virginia,0.04371291951284988,2559129,268,268,0.00010472313040882269
1992,Washington,0.07743779958165123,2287565,151,151,6.600905329466048e-05
1992,West Virginia,0.1302179245462404,683677,90,90,0.00013164111122650023
1992,Wisconsin,0.04354334777785153,2531064,269,269,0.00010627941450710058
1992,Wyoming,0.055967461127453925,199884,209,209,0.0010456064517420103
1994,Arizona,0.14162690114917878,1119060,83,152,0.00013582828445302307
1994,California,0.01904220169650564,8514089,614,8514089,1.0
1994,Connecticut,0.10092028631129685,1079664,116,321,0.00029731472013515314
1994,Delaware,0.13333668341708543,199000,88,170,0.0008542713567839196
1994,Florida,0.410201723184092,4106816,29,34,8.278919727594322e-06
1994,Hawaii,0.4759541835013533,356902,25,29,8.125479823593031e-05
1994,Indiana,0.36851372922993997,1543568,32,39,2.5266136639266947e-05
1994,Maine,0.23880031188139128,511733,49,68,0.00013288179578022132
1994,Maryland,0.1820296676432199,1369101,65,100,7.304063031142334e-05
1994,Massachusetts,0.17064513095513878,2179945,69,111,5.091871583916108e-05
1994,Michigan,0.09128322575027478,3043385,129,435,0.0001429329513025792
1994,Minnesota,0.049518621445077605,1772929,237,1772929,1.0
1994,Mississippi,0.37590303987107065,608085,32,38,6.249126355690405e-05
1994,Missouri,0.24023894776454047,1775116,49,67,3.7744012222299836e-05
1994,Montana,0.24743212505030152,350387,48,64,0.00018265517841700748
1994,Nebraska,0.09777021952503863,579205,120,351,0.0006060030559128461
1994,Nevada,0.0992930912148845,380530,118,336,0.0008829790029695425
1994,New Jersey,0.03272345389308512,2054887,358,2054887,1.0
1994,New Mexico,0.0798020708296272,463196,147,760,0.0016407740999490497
1994,New York,0.1532568538230184,5328486,77,132,2.4772515119679397e-05
1994,North Dakota,0.1596596025314208,236547,74,123,0.0005199812299458459
1994,Ohio,0.14208888050920543,3436884,83,151,4.393514590541898e-05
1994,Pennsylvania,0.0248223851747657,3513361,471,3513361,1.0
1994,Rhode Island,0.29046753216672266,345388,41,52,0.00015055531749800225
1994,Tennessee,0.14257179353292473,1480391,82,150,0.00010132458249205784
1994,Texas,0.22537769221063847,4279940,52,73,1.7056313873558973e-05
1994,Utah,0.4050787207493106,519304,29,35,6.739790180703403e-05
1994,Vermont,0.09749518122378019,211672,120,354,0.001672398805699384
1994,Virginia,0.02729721020499518,2057463,429,2057463,1.0
1994,Washington,0.11497006481105158,1700173,102,232,0.0001364567017591739
1994,West Virginia,0.380233574700192,420936,31,38,9.027500617671094e-05
1994,Wisconsin,0.17607822547884938,1565628,67,105,6.706573975427113e-05
1994,Wyoming,0.1956620891378712,201710,60,90,0.0004461851172475336
1996,Alabama,0.06829280691680967,1534349,172,172,0.00011209965920400117
1996,Alaska,0.17534144524459896,241620,67,67,0.00027729492591672874
1996,Arizona,0.022226494494109607,1404405,526,526,0.00037453583546056873
1996,Arkansas,0.0516826460935786,884262,227,227,0.0002567112462143573
1996,California,0.1288944553848113,10019469,91,91,9.082317635794871e-06
1996,Colorado,0.013699591315825358,1510702,854,10502,0.006951735021202064
1996,Connecticut,0.18140776984864435,1392614,65,65,4.667481441375715e-05
1996,Delaware,0.14983435598404882,275591,79,79,0.0002866566760162705
1996,District of Columbia,0.7585421534949334,185726,16,17,9.153268793814545e-05
1996,Florida,0.057010224481506666,5303154,206,206,3.8844808202816665e-05
1996,Georgia,0.01174214265176504,2298899,996,2298899,1.0
1996,Hawaii,0.25288514939464624,360120,47,47,0.0001305120515383761
1996,Idaho,0.1711672395034119,497233,69,69,0.00013876794178986512
1996,Illinois,0.15197044294985076,4311391,77,77,1.7859665244929072e-05
1996,Indiana,0.05585242510762464,2135431,210,210,9.834080333197373e-05
1996,Iowa,0.05053096448757166,1234075,232,232,0.00018799505702651783
1996,Kansas,0.18205901517267056,1074300,65,65,6.050451456762543e-05
1996,Kentucky,0.009599570248029104,1388708,1218,1388708,1.0
1996,Louisiana,0.003244469183428543,1783959,3604,1783959,1.0
1996,Maine,0.05306067962365087,606777,221,221,0.0003642194743703206
1996,Maryland,0.15985276859063266,1780870,74,74,4.155272423029193e-05
1996,Massachusetts,0.07471858535575966,2556459,157,157,6.141307175276427e-05
1996,Michigan,0.13210226239359144,3848844,89,89,2.3123826270953044e-05
1996,Minnesota,0.0899597353148837,2192492,130,130,5.929326081919569e-05
1996,Mississippi,0.05125652089763799,893857,229,229,0.0002561931047136175
1996,Missouri,0.06298188423425614,2158065,186,186,8.618832148243914e-05
1996,Montana,0.028785982478097622,407490,407,407,0.0009987975165034724
1996,Nebraska,0.14471040647166064,677415,81,81,0.00011957219724983947
1996,Nevada,0.010187839639527095,464279,1148,464279,1.0
1996,New Hampshire,0.030008236054587523,496597,390,390,0.0007853450584679328
1996,New Jersey,0.09486875215386917,3075860,124,124,4.031392846228372e-05
1996,New Mexico,0.07327082366735363,556074,160,160,0.000287731488974489
1996,New York,0.2967673112310687,6439129,40,40,6.212020290321874e-06
1996,North Carolina,0.04619246331640365,2556456,254,254,9.935629637279108e-05
1996,North Dakota,0.06810904955125727,266411,172,172,0.0006456189872039818
1996,Ohio,0.06358875220148755,4534434,184,184,4.0578383101397e-05
1996,Oklahoma,0.07807158785891923,1206713,150,150,0.0001243046192425208
1996,Oregon,0.038443560562071766,1377760,305,305,0.0002213738241783765
1996,Pennsylvania,0.0921176893733309,4501307,127,127,2.8214027614646146e-05
1996,Rhode Island,0.2647246487481006,390247,45,45,0.00011531158471429633
1996,South Carolina,0.05785842782357688,1161231,203,203,0.00017481448566219814
1996,South Dakota,0.0264386554777233,324487,443,443,0.0013652318891049565
1996,Tennessee,0.02408314217004865,1894105,486,486,0.00025658556415827
1996,Texas,0.049269697079857525,5611644,238,238,4.24118137216117e-05
1996,Utah,0.2107450246308379,665629,56,56,8.413094982340012e-05
1996,Vermont,0.22264353895739586,258449,53,53,0.00020506947212022488
1996,Virginia,0.019568475595475043,2416642,598,598,0.0002474508015668022
1996,Washington,0.12539105534251146,2253837,94,94,4.170665403043787e-05
1996,West Virginia,0.1474816131125493,636459,80,80,0.00012569544935337547
1996,Wisconsin,0.10333539905171232,2196169,114,114,5.190857352052597e-05
1996,Wyoming,0.11822508755925906,211571,99,99,0.0004679280241621016
1998,Alabama,0.26550461765649586,1293405,45,59,4.561602900870184e-05
1998,Alaska,0.5477013800285834,221807,22,25,0.00011271059975564342
1998,Arizona,0.415830767408811,1013280,29,34,3.355439759987368e-05
1998,Arkansas,0.12843039192044872,700831,92,183,0.0002611185863639023
1998,California,0.100455671714246,8311905,117,325,3.910054313662151e-05
1998,Colorado,0.2747184937106089,1327235,43,56,4.219298014292872e-05
1998,Connecticut,0.3277792581732519,964457,36,45,4.6658378756129094e-05
1998,Florida,0.2493875895411524,3900162,47,64,1.6409574781765476e-05
1998,Georgia,0.07220033832149436,1753953,162,1499,0.0008546409168318649
1998,Hawaii,0.613597773557987,398124,20,22,5.525916548612995e-05
1998,Idaho,0.41142701507771556,378174,29,34,8.990570478139693e-05
1998,Illinois,0.029030605496327758,3394521,403,3394521,1.0
1998,Indiana,0.2892528532679683,1588617,41,52,3.273287394003715e-05
1998,Iowa,0.37918382288557845,947907,31,38,4.0088320900679076e-05
1998,Kansas,0.3367833825608193,727236,35,43,5.9127985963291146e-05
1998,Kentucky,0.005907034487093749,1145414,1980,1145414,1.0
1998,Louisiana,0.3238726119907343,969165,37,46,4.746353820040963e-05
1998,Maryland,0.41007942567798406,1507447,29,34,2.2554690148310355e-05
1998,Missouri,0.0890486581852381,1576857,132,475,0.0003012321345562724
1998,Nevada,0.0009200117467834003,435864,12707,435864,1.0
1998,New Hampshire,0.3959186008083992,314696,30,36,0.00011439611561634085
1998,New York,0.1415086985110054,4989877,83,152,3.046167270255359e-05
1998,North Carolina,0.041395666212590256,2012143,283,2012143,1.0
1998,North Dakota,0.27997075338164024,213358,42,55,0.00025778269387602057
1998,Ohio,0.12925606084683983,3404351,91,181,5.3167255667820385e-05
1998,Oklahoma,0.3510287735558262,859713,34,41,4.769033386723244e-05
1998,Oregon,0.27258941424132654,1117747,43,57,5.0995439934081686e-05
1998,Pennsylvania,0.26554227068208647,2957499,45,59,1.9949288233064493e-05
1998,South Carolina,0.07028491305002606,1069063,167,1987,0.00185863695591373
1998,South Dakota,0.2573451705575119,262111,46,61,0.00023272582989649422
1998,Utah,0.31011761758222217,494909,38,48,9.698752699991312e-05
1998,Vermont,0.4976546001607206,214036,24,27,0.00012614700330785476
1998,Washington,0.16827997612997408,1888561,70,113,5.9833915875632294e-05
1998,Wisconsin,0.02145969300945687,1760836,545,1760836,1.0
2000,Alabama,0.1491725240536959,1666272,79,79,4.741122697854852e-05
2000,Alaska,0.3095461549236588,285560,38,38,0.00013307185880375404
2000,Arizona,0.06286553143048114,1532016,186,186,0.00012140865369552276
2000,Arkansas,0.05442941436197969,921781,215,215,0.0002332441219769121
2000,California,0.11798240022498997,10965822,100,100,9.119243409203614e-06
2000,Colorado,0.0835670576236614,1741368,140,140,8.039656178360921e-05
2000,Connecticut,0.17466024905363045,1459525,67,67,4.590534591733612e-05
2000,Delaware,0.11808114701293626,327529,100,100,0.0003053164757929832
2000,District of Columbia,0.7620335423539085,201894,16,17,8.420260136507276e-05
2000,Florida,9.005368004279646e-05,5963110,129815,5963110,1.0
2000,Georgia,0.11748569995137828,2583208,100,100,3.871155555417915e-05
2000,Hawaii,0.18328799215112881,367951,64,64,0.000173936203461874
2000,Idaho,0.3953231063664364,501615,30,31,6.180038475723413e-05
2000,Illinois,0.1201164123634468,4742108,98,98,2.0665914821003655e-05
2000,Indiana,0.15634778670687335,2199302,75,75,3.4101728639359214e-05
2000,Iowa,0.0030627735543102773,1353022,3817,1353022,1.0
2000,Kansas,0.20803270982712438,1072216,57,57,5.316093026032068e-05
2000,Kentucky,0.15128300777278245,1544106,78,78,5.051466673920055e-05
2000,Louisiana,0.07675730719913731,1765656,153,153,8.66533458386005e-05
2000,Maine,0.0511416547896112,651817,229,229,0.0003513256021245227
2000,Maryland,0.16303527729442646,2025212,72,72,3.5551833585817186e-05
2000,Massachusetts,0.2699239369608727,2734048,44,44,1.609335315254158e-05
2000,Michigan,0.01589107716690439,4232501,736,9001,0.0021266385997309864
2000,Minnesota,0.02403221408258959,2438685,487,487,0.00019969778794719285
2000,Mississippi,0.16921414949345392,994184,70,70,7.040950166166425e-05
2000,Missouri,0.02073183021918321,2361586,564,564,0.00023882255399549287
2000,Montana,0.033168043809417375,411601,353,353,0.000857626682150918
2000,Nebraska,0.02168663981900063,697019,540,540,0.000774727805124394
2000,Nevada,0.0354382648590641,609426,330,330,0.0005414931427277471
2000,New Hampshire,0.012671306896557783,569081,923,11385,0.020005939400542277
2000,New Jersey,0.028542061341116066,3187226,410,410,0.00012863850884750565
2000,New Mexico,0.0006114215551156439,598605,19120,598605,1.0
2000,New York,0.12037358041382343,6960215,98,98,1.4080024826819287e-05
2000,North Carolina,0.12812085118645347,2914990,92,92,3.1561000209263154e-05
2000,North Dakota,0.22688512988454707,288256,52,52,0.00018039520426287744
2000,Ohio,0.03546045744808909,4701998,330,330,7.01829307456107e-05
2000,Oklahoma,0.21880947538908907,1234229,54,54,4.3752010364365125e-05
2000,Oregon,0.004410182861240588,1533950,2651,1533950,1.0
2000,Pennsylvania,0.041700383841406626,4912185,281,281,5.72046858984342e-05
2000,Rhode Island,0.15048446391208276,409112,78,78,0.00019065683724750192
2000,South Carolina,0.15958861248845654,1383902,74,74,5.3471994404228045e-05
2000,South Dakota,0.22732547293601332,316269,52,52,0.0001644169994529973
2000,Tennessee,0.03864258463014544,2076181,303,303,0.00014594103307948584
2000,Texas,0.2131664137653241,6407637,55,55,8.583507461486973e-06
2000,Utah,0.3402304756121927,770754,35,35,4.541007896164016e-05
2000,Vermont,0.09937548418663442,294308,118,118,0.00040094051130108596
2000,Virginia,0.04539857861823937,2739447,258,258,9.417959172051878e-05
2000,Washington,0.0008961045382930917,2487433,13046,2487433,1.0
2000,West Virginia,0.06322555560355735,648124,185,185,0.0002854392060778493
2000,Wisconsin,0.002196561465431287,2598607,5323,2598607,1.0
2000,Wyoming,0.4092436109785426,213726,29,29,0.00013568774973564282
2002,Alabama,0.18749348680695008,1353023,63,95,7.021314493545195e-05
2002,Alaska,0.6765687350793734,229548,18,20,8.712774670221478e-05
2002,Arkansas,0.07791240373028437,804121,151,866,0.001076952349211126
2002,Colorado,0.04926480246200432,1416082,238,1416082,1.0
2002,Delaware,0.17416083404357896,232314,68,107,0.0004605835205799048
2002,Georgia,0.06838438987125443,2031604,171,2935,0.001444671304053349
2002,Idaho,0.32613378240777,408544,36,45,0.000110147254640871
2002,Illinois,0.2231420270037349,3486851,53,74,2.1222587371814857e-05
2002,Iowa,0.1039865112528407,1023075,113,296,0.00028932385211250395
2002,Kansas,0.7341829181952758,776850,16,18,2.3170496234794362e-05
2002,Kentucky,0.29350409656743975,1131313,40,52,4.596429104942664e-05
2002,Louisiana,0.01692920255203336,2481629,691,2481629,1.0
2002,Maine,0.16871295051089427,504899,70,113,0.0002238071376651568
2002,Massachusetts,0.5567573946055062,2220301,21,24,1.0809345219409441e-05
2002,Michigan,0.22723035630800242,3129287,52,72,2.3008436107010958e-05
2002,Minnesota,0.021933001247649846,2254639,533,2254639,1.0
2002,Mississippi,0.6915883551812465,630495,17,19,3.0135052617387927e-05
2002,Montana,0.31004755969461345,326537,38,48,0.00014699712436875453
2002,Nebraska,0.6812503514036363,480217,18,19,3.95654464544154e-05
2002,New Hampshire,0.04417234168651526,447135,265,447135,1.0
2002,New Jersey,0.0992869463467834,2112604,118,336,0.0001590454245092786
2002,New Mexico,0.30085538736709616,483056,39,50,0.00010350766784803418
2002,North Carolina,0.08608555062862987,2331181,136,540,0.0002316422448535742
2002,Oklahoma,0.20992238988869077,1018424,56,81,7.953465354312153e-05
2002,Oregon,0.16602392163639965,1267221,71,116,9.153888706074157e-05
2002,Rhode Island,0.5685297698883127,323582,21,24,7.416976222410393e-05
2002,South Carolina,0.1021396085997795,1102912,115,310,0.0002810741020135786
2002,South Dakota,0.0015762916258025902,337501,7417,337501,1.0
2002,Tennessee,0.09940502864045513,1642432,118,334,0.00020335697307407552
2002,Texas,0.11973494975201661,4514012,98,212,4.6964872933434826e-05
2002,Virginia,0.7283308558622069,1489422,17,18,1.2085225006747584e-05
2002,West Virginia,0.2622270927569392,436183,45,60,0.00013755694284279765
2002,Wyoming,0.4590790048013968,183280,26,30,0.00016368398079441291
2004,Alabama,0.25616287435323604,1883415,46,46,2.442371967941213e-05
2004,Alaska,0.029907421032764125,312598,391,391,0.0012508077466906378
2004,Arizona,0.10472601157218205,2012585,112,112,5.564982348571613e-05
2004,Arkansas,0.09758328633246283,1054945,120,120,0.00011375000592447948
2004,California,0.09947861557432593,12421353,118,118,9.499770274623062e-06
2004,Colorado,0.046732531003038084,2129630,251,251,0.00011786084906767843
2004,Connecticut,0.1036643106116221,1578769,113,113,7.157475222784334e-05
2004,Delaware,0.07594019030357951,375190,154,154,0.00041045870092486475
2004,District of Columbia,0.7984410288857838,227586,15,15,6.590915082650075e-05
2004,Florida,0.010862689081593364,7609810,1077,7609810,1.0
2004,Georgia,0.16599810713609692,3301875,71,71,2.1502933939049783e-05
2004,Hawaii,0.08744956446541247,429013,134,134,0.00031234484735893783
2004,Idaho,0.3812602778186291,598376,31,31,5.1806890650694545e-05
2004,Illinois,0.10344533382679329,5274322,114,114,2.1614152492016983e-05
2004,Indiana,0.20681790371320607,2468002,57,57,2.3095605270984383e-05
2004,Iowa,0.006675258210852952,1506908,1752,1506908,1.0
2004,Kansas,0.2538088630998286,1187756,47,47,3.957041681961615e-05
2004,Kentucky,0.01261330087388815,1795882,927,11439,0.0063695721656545365
2004,Louisiana,0.14506156637877707,1943106,81,81,4.168583700528947e-05
2004,Maine,0.08996398254746528,740752,130,130,0.0001754973324405469
2004,Maryland,0.1299324983495775,2384238,90,90,3.774790939495134e-05
2004,Massachusetts,0.2502825833360376,2927455,47,47,1.605490092930549e-05
2004,Michigan,0.034186481712463,4839252,342,342,7.067207907337746e-05
2004,Minnesota,0.0347615089448509,2828387,337,337,0.00011914918290884522
2004,Mississippi,0.18853261556170076,1139824,63,63,5.5271691068094724e-05
2004,Missouri,0.07195745422433626,2731364,163,163,5.9677142995221436e-05
2004,Montana,0.20503114773751538,450434,58,58,0.00012876470248693482
2004,Nebraska,0.33216480378726937,778186,36,36,4.626143364182856e-05
2004,Nevada,0.025916510263540773,829587,452,452,0.0005448494250753688
2004,New Hampshire,0.013672678379506021,678287,856,10523,0.015514081797233325
2004,New Jersey,0.06684597325740214,3611691,175,175,4.8453757533521004e-05
2004,New Mexico,0.007917451183651019,756304,1477,756304,1.0
2004,New York,0.18444051273141965,7448266,64,64,8.592603969836737e-06
2004,North Carolina,0.045393511066958735,3501007,258,258,7.369308316150181e-05
2004,North Dakota,0.2736252249602823,312833,43,43,0.00013745352951894462
2004,Ohio,0.0210733909237597,5627903,555,555,9.861577216238446e-05
2004,Oklahoma,0.11387333152064753,1463758,103,103,7.036682293111293e-05
2004,Oregon,0.04155746299778634,1836782,282,282,0.00015352937909888053
2004,Pennsylvania,0.02500142991096421,5769590,468,468,8.111494924249384e-05
2004,Rhode Island,0.20751989092589457,437134,57,57,0.00013039479884886557
2004,South Carolina,0.0944445818136861,1617700,124,124,7.66520368424306e-05
2004,South Dakota,0.011523870875384725,391188,1015,391188,1.0
2004,Tennessee,0.14273798382567074,2437319,82,82,3.364352388833797e-05
2004,Texas,0.22861562306320185,7410749,52,52,7.016834600659123e-06
2004,Utah,0.39627890033238344,927844,30,31,3.341078888261389e-05
2004,Vermont,0.20136147213176694,312309,59,59,0.00018891546513228886
2004,Virginia,0.08206038965204833,3195415,143,143,4.475162068150772e-05
2004,Washington,0.07180866319422584,2859084,163,163,5.701126654550898e-05
2004,West Virginia,0.12865576772445328,755792,91,91,0.00012040349725850498
2004,Wisconsin,0.0037984562598619223,2997007,3078,2997007,1.0
2004,Wyoming,0.39716477829583247,243861,30,31,0.0001271215979594933
2006,Arizona,0.09841418093742263,1526782,119,344,0.0002253104896442321
2006,California,0.24415768422225853,8541476,48,66,7.72700175004882e-06
2006,Connecticut,0.0998002250662465,1134777,118,331,0.00029168726542748045
2006,Delaware,0.41499843603378167,242972,29,34,0.0001399338195347612
2006,Florida,0.2220534995683769,4793534,53,75,1.5646076568978126e-05
2006,Hawaii,0.24569043466086418,342842,48,65,0.00018959170696705773
2006,Indiana,0.7476882972401241,1341111,16,18,1.3421707822842404e-05
2006,Maine,0.5365070222039594,545128,22,25,4.586078865881041e-05
2006,Maryland,0.10010167651149068,1781139,117,328,0.00018415182644364084
2006,Massachusetts,0.37400521874380244,2243835,32,38,1.693529158783957e-05
2006,Michigan,0.1565234850965916,3780142,75,127,3.3596621502578475e-05
2006,Minnesota,0.20119921626023937,2202772,59,86,3.904171652808371e-05
2006,Mississippi,0.287105861477998,610921,41,53,8.67542611892536e-05
2006,Missouri,0.022699051285460514,2128459,516,2128459,1.0
2006,Montana,0.008762499846250353,406505,1335,406505,1.0
2006,Nebraska,0.27765584586605796,592316,43,55,9.285584046353635e-05
2006,Nevada,0.14368181100361843,582572,82,148,0.00025404585184320567
2006,New Jersey,0.16018946191638964,101973,73,123,0.0012062016416110146
2006,New Mexico,0.41274550174559127,558550,29,34,6.0871900456539255e-05
2006,New York,0.3161338730621755,4700632,37,47,9.998655499941285e-06
2006,North Dakota,0.39297829036635007,218152,30,36,0.00016502255308225458
2006,Ohio,0.12348914072226662,4019236,95,198,4.926309378200235e-05
2006,Pennsylvania,0.1735355398117589,4081043,68,108,2.6463823096203592e-05
2006,Rhode Island,0.07037270807521176,384993,167,1958,0.005085806754928012
2006,Tennessee,0.027231900615969393,1833695,430,1833695,1.0
2006,Texas,0.2564712470012142,4314663,46,61,1.4137836489199736e-05
2006,Utah,0.3129599546259794,571252,38,48,8.402596402288307e-05
2006,Vermont,0.3304410122742637,262419,36,44,0.00016767078603302353
2006,Virginia,0.003935547966731985,2370445,2971,2370445,1.0
2006,Washington,0.16919290082131405,2083734,70,112,5.374966286483783e-05
2006,West Virginia,0.5409804320252515,206562,22,25,0.00012102903728662581
2006,Wisconsin,0.378298711544748,2138297,31,38,1.777115152852948e-05
2006,Wyoming,0.39499018933312946,196215,30,36,0.00018347221160461738
2008,Alabama,0.21576478734595697,2099819,55,55,2.6192733754671236e-05
2008,Alaska,0.01211844376251161,326197,965,11922,0.03654846611096975
2008,Arizona,0.0851999694786296,2293475,138,138,6.017070166450474e-05
2008,Arkansas,0.19851244734805365,1086617,59,59,5.42969601984876e-05
2008,California,0.24057779514669772,13561900,49,49,3.6130630663845037e-06
2008,Colorado,0.08952714731354428,2401361,131,131,5.4552397577873546e-05
2008,Connecticut,0.22367366370494876,1646792,53,53,3.218378520177412e-05
2008,Delaware,0.24995635432528637,412412,47,47,0.00011396370619671591
2008,District of Columbia,0.8592455229017539,265853,14,15,5.642215810993293e-05
2008,Florida,0.028179861046886905,8390744,415,415,4.945926130030901e-05
2008,Georgia,0.02795372438581766,3924486,419,419,0.00010676557388661852
2008,Hawaii,0.45016708181307885,456064,26,27,5.92022172326691e-05
2008,Idaho,0.23177515027735293,655122,51,51,7.784809546924085e-05
2008,Illinois,0.2513719197786603,5522371,47,47,8.510837102396779e-06
2008,Indiana,0.010320044608357379,2751054,1133,2751054,1.0
2008,Iowa,0.09534760718563186,1537123,123,123,8.001962107131309e-05
2008,Kansas,0.14960287149478263,1235872,79,79,6.392247740866368e-05
2008,Kentucky,0.05847466906088842,1826620,200,200,0.00010949184833189169
2008,Louisiana,0.0617724444743648,1960761,190,190,9.690115215469912e-05
2008,Maine,0.17321718960067728,731163,68,68,9.300251790640391e-05
2008,Maryland,0.2544482511753324,2631596,46,46,1.7479886730333986e-05
2008,Massachusetts,0.2562823981347053,3102995,46,46,1.4824387406360629e-05
2008,Michigan,0.16473541645506753,5001596,71,71,1.4195468806357011e-05
2008,Minnesota,0.00010720290107543064,2910369,109049,2910369,1.0
2008,Mississippi,0.13174634554778988,1289865,89,89,6.899946893667166e-05
2008,Missouri,0.0013342654617368697,2925205,8762,2925205,1.0
2008,Montana,0.022639861745040388,490109,517,517,0.0010548673866425631
2008,Nebraska,0.14933587592866923,801281,79,79,9.859212935287372e-05
2008,Nevada,0.1249256081533464,967848,94,94,9.712268868665327e-05
2008,New Hampshire,0.06193650927605947,710970,189,189,0.0002658340014346597
2008,New Jersey,0.12672258705968636,3868237,93,93,2.4041960200473757e-05
2008,New Mexico,0.15128445428460607,830158,78,78,9.395801763037879e-05
2008,New York,0.2883972442958247,7722019,41,41,5.309492245486576e-06
2008,North Carolina,0.003288677803988122,4310851,3555,4310851,1.0
2008,North Dakota,0.0862956026290107,316621,136,136,0.0004295356277694783
2008,Ohio,0.04593691697250519,5708350,255,255,4.467140241926301e-05
2008,Oklahoma,0.16110294866684763,1462661,73,73,4.9909035654878334e-05
2008,Oregon,0.03240558378522691,1827864,361,361,0.00019749828214790598
2008,Pennsylvania,0.10318475532122943,6013272,114,114,1.8958064760749223e-05
2008,Rhode Island,0.2780615813772082,471766,43,43,9.114688214072231e-05
2008,South Carolina,0.08977083961271629,1920969,131,131,6.81947496289633e-05
2008,South Dakota,0.08411545258197527,381975,139,139,0.00036389816087440275
2008,Tennessee,0.15068416220181255,2599749,78,78,3.0002896433463384e-05
2008,Texas,0.11737163421453503,8077795,100,100,1.2379615971932934e-05
2008,Utah,0.28178124048426556,952370,42,42,4.410050715583229e-05
2008,Vermont,0.3700645447105948,325046,32,33,0.00010152409197467435
2008,Virginia,0.06298969182920344,3723260,186,186,4.9956221161025556e-05
2008,Washington,0.17176587271533464,3036878,69,69,2.2720701984077068e-05
2008,West Virginia,0.13120592724658037,713451,90,90,0.0001261474158701859
2008,Wisconsin,0.13904124029594253,2983417,85,85,2.8490821095408384e-05
2008,Wyoming,0.3220428082729184,254904,37,37,0.0001451526849323667
2010,Alabama,0.30465318387962564,1485499,39,49,3.2985548963681564e-05
2010,Alaska,0.040124773486025604,255503,292,255503,1.0
2010,Arizona,0.2420883075287799,1708484,49,66,3.86307392986999e-05
2010,Arkansas,0.20957822033778786,779957,56,81,0.00010385187901384307
2010,California,0.1001058983056271,10000160,117,328,3.279947520839666e-05
2010,Colorado,0.016283489233678988,1772286,718,1772286,1.0
2010,Connecticut,0.09267332399630566,1153115,127,414,0.00035902750376155026
2010,Florida,0.19186354878281814,5411106,61,92,1.700206944753993e-05
2010,Georgia,0.19308735164903112,2555258,61,91,3.561284222571654e-05
2010,Hawaii,0.5323746637055666,370583,22,25,6.746127048461478e-05
2010,Idaho,0.46247413965697504,449530,26,30,6.673636909661202e-05
2010,Indiana,0.1457975180010559,1744481,81,144,8.254604091417448e-05
2010,Iowa,0.3104923288380674,1116063,38,48,4.3008324798868884e-05
2010,Kansas,0.43715828729413675,837692,27,32,3.820019768602303e-05
2010,Kentucky,0.11478095946009723,1356096,102,233,0.0001718167445372599
2010,Louisiana,0.18880959119173688,1264994,62,94,7.430865284736529e-05
2010,Maryland,0.2643961528100867,1833858,45,59,3.2172610965516416e-05
2010,Missouri,0.1360276434115147,1943899,86,164,8.436652315783896e-05
2010,Nevada,0.05742136167806111,721404,204,721404,1.0
2010,New Hampshire,0.23239647247696335,454710,51,70,0.0001539442721734732
2010,New York,0.37957878620012725,4763899,31,38,7.97665945478693e-06
2010,North Carolina,0.11765515234697917,2660079,100,220,8.270431066145029e-05
2010,North Dakota,0.5396882624699204,238534,22,25,0.00010480686191486329
2010,Ohio,0.17442409080972493,3815098,68,107,2.8046461716055524e-05
2010,Oklahoma,0.44503520126313595,1017151,27,31,3.047728410039414e-05
2010,Oregon,0.17975194580850526,1442588,66,102,7.070625847435304e-05
2010,Pennsylvania,0.02016989381448042,3977661,580,3977661,1.0
2010,South Carolina,0.33831894897914305,1318794,35,43,3.2605547189326006e-05
2010,South Dakota,inf,227947,12,12
2010,Utah,0.2882131811424568,585230,41,53,9.056268475642056e-05
2010,Vermont,0.3341383972990671,235178,35,44,0.00018709233006488702
2010,Washington,0.04729651697626612,2511094,248,2511094,1.0
2010,Wisconsin,0.04837631848852156,2171331,242,2171331,1.0
2012,Alabama,0.22186789231070347,2074338,53,53,2.5550320150332298e-05
2012,Alaska,0.1398891828483003,300495,84,84,0.00027953876104427693
2012,Arizona,0.029537841404211975,2299254,396,396,0.00017222977539671562
2012,Arkansas,0.23687945782389,1069468,50,50,4.675221699012967e-05
2012,California,0.23118580620984838,13038547,51,51,3.911478786708366e-06
2012,Colorado,0.05365134912567192,2569516,218,218,8.484088053937006e-05
2012,Connecticut,0.12091741517798696,1558204,97,97,6.225115581785184e-05
2012,Delaware,0.18628137911039164,413890,63,63,0.00015221435647152625
2012,District of Columbia,0.8363482251058673,293764,14,15,5.106139622281832e-05
2012,Florida,0.008768873067231646,8474179,1334,8474179,1.0
2012,Georgia,0.07821282510642436,3897839,150,150,3.848286191399901e-05
2012,Hawaii,0.24818201157931097,437159,48,48,0.00010979986686766142
2012,Idaho,0.3190744993668305,652274,37,37,5.6724627993757224e-05
2012,Illinois,0.1686939409166019,5242014,70,70,1.3353646136771096e-05
2012,Indiana,0.05622331431027375,2624534,208,208,7.925216438422973e-05
2012,Iowa,0.0581014802361299,1582180,202,202,0.00012767194630193784
2012,Kansas,0.21716749815297107,1159971,54,54,4.655288796013004e-05
2012,Kentucky,0.22691813764875818,1797212,52,52,2.8933703981500236e-05
2012,Louisiana,0.17207112105172098,1994065,68,68,3.4101195297043976e-05
2012,Maine,0.15043642153656805,724758,78,78,0.00010762213042146481
2012,Maryland,0.26076458440373107,2707327,45,45,1.6621560675899143e-05
2012,Massachusetts,0.0748377298382386,3184196,157,157,4.9306010057169844e-05
2012,Michigan,0.09497288183098529,4730961,124,124,2.621031963696171e-05
2012,Minnesota,0.07694102046577612,2936561,152,152,5.1761226822803956e-05
2012,Mississippi,0.1149648719959178,1285584,102,102,7.934137325915693e-05
2012,Missouri,0.09380257590423756,2757323,125,125,4.533382559823423e-05
2012,Montana,0.03718013603090938,486066,315,315,0.0006480601399809902
2012,Nebraska,0.15435201585137573,794379,76,76,9.567221691409265e-05
2012,Nevada,0.01140584756601026,1014918,1025,1014918,1.0
2012,New Hampshire,0.05575887658023101,710972,210,210,0.00029537028181137934
2012,New Jersey,0.17718790083493222,3638499,66,66,1.813934812129947e-05
2012,New Mexico,0.056722865986694876,783758,207,207,0.0002641121366544265
2012,New York,0.2951938684664309,7116784,40,40,5.620516233174985e-06
2012,North Carolina,0.020420955250753988,4505372,573,573,0.00012718150687667965
2012,North Dakota,0.009091697323275489,322932,1286,322932,1.0
2012,Ohio,0.02978306779897298,5580822,393,393,7.04197338671615e-05
2012,Oklahoma,0.3354463948603312,1334872,35,35,2.6219742417250494e-05
2012,Oregon,0.1208945547625568,1789270,97,97,5.421205296014576e-05
2012,Pennsylvania,0.053959916684662594,5742040,217,217,3.7791446942201725e-05
2012,Rhode Island,0.27457297292449934,446049,43,43,9.640196480655713e-05
2012,South Carolina,0.10473097848499938,1964118,112,112,5.7023050549916045e-05
2012,South Dakota,0.1802317111718868,363815,65,65,0.00017866223217844233
2012,Tennessee,0.20402899726142398,2458577,58,58,2.359088204274261e-05
2012,Texas,0.15577097946909443,7993851,76,76,9.5073075542689e-06
2012,Utah,0.34963732505110867,1017440,34,34,3.3417203962887245e-05
2012,Vermont,0.35597915065655383,299290,33,33,0.00011026095091717064
2012,Virginia,0.038733538998295236,3854489,302,302,7.835020413860307e-05
2012,Washington,0.14868776867563627,3125516,79,79,2.527582645553566e-05
2012,West Virginia,0.23732395836751496,670438,50,50,7.457811162255123e-05
2012,Wisconsin,0.054364834145874535,3071434,216,216,7.03254570991921e-05
2012,Wyoming,0.4055667907188244,250701,29,29,0.00011567564549004591
2014,Alabama,0.9450329425857791,818090,13,14,1.7113031573543253e-05
2014,Alaska,0.021296033994334277,282400,549,282400,1.0
2014,Arkansas,0.1706715594598262,847505,69,111,0.00013097267862726474
2014,Colorado,0.019444817344730036,2041058,602,2041058,1.0
2014,Delaware,0.13601210059904803,234038,86,164,0.0007007409053230672
2014,Georgia,0.07682709551543049,2567805,153,941,0.0003664608488572925
2014,Idaho,0.30656723928906376,437170,39,49,0.00011208454377015806
2014,Illinois,0.10853696067649428,3603519,108,265,7.353922651719056e-05
2014,Iowa,0.08338939541471187,1129700,141,616,0.0005452775073028237
2014,Kansas,0.1061867417232458,866191,111,280,0.00032325433997813417
2014,Kentucky,0.15467229578206354,1435868,76,130,9.053757030590556e-05
2014,Louisiana,0.04290693954869787,3523183,273,3523183,1.0
2014,Maine,0.36183540898158173,616996,33,40,6.483024201129343e-05
2014,Massachusetts,0.22772841824245504,2186789,52,72,3.292498727586429e-05
2014,Michigan,0.13285311446611556,3121771,88,171,5.4776599564798314e-05
2014,Minnesota,0.10243509049581939,1981528,115,308,0.00015543560323144564
2014,Mississippi,0.2200526067565814,631858,54,76,0.00012028018953625657
2014,Montana,0.17717791610108538,369826,66,104,0.0002812133273485369
2014,Nebraska,0.3285153524559673,540337,36,45,8.328135959595585e-05
2014,New Hampshire,0.032442298513394204,488159,361,488159,1.0
2014,New Jersey,0.1350972300598812,1869535,87,166,8.87921328030767e-05
2014,New Mexico,0.11117620357474016,515506,106,250,0.0004849604078323046
2014,North Carolina,0.015644461031372275,2915281,748,2915281,1.0
2014,Oklahoma,0.39459726853922045,820733,30,36,4.386322957648834e-05
2014,Oregon,0.18861973511546792,1461618,62,95,6.499646282407579e-05
2014,Rhode Island,0.4133538236277919,316898,29,34,0.00010729004285290534
2014,South Carolina,0.17435638973449186,1240075,68,107,8.62851037235651e-05
2014,South Dakota,0.2085987717062975,279412,57,82,0.00029347343707500037
2014,Tennessee,0.3000141914683803,1374065,39,50,3.638838046235076e-05
2014,Texas,0.2719549569977183,4648358,43,57,1.22623945918107e-05
2014,Virginia,0.008115000734730985,2184473,1441,2184473,1.0
2014,West Virginia,0.27653304356067704,453689,43,56,0.00012343257165150576
2014,Wyoming,0.5385649097591044,171153,22,25,0.00014606813786495124
2016,Alabama,0.2761621609402403,2123372,43,43,2.0250808619497666e-05
2016,Alaska,0.147306407874253,318608,80,80,0.0002510922512931251
2016,Arizona,0.03545594627627843,2573165,330,330,0.0001282467311657045
2016,Arkansas,0.23118159264484117,1130635,51,51,4.510739540169905e-05
2016,California,0.20035376838782942,14181595,59,59,4.1603218819885915e-06
2016,Colorado,0.049055830114163625,2780220,239,239,8.596442008186402e-05
2016,Connecticut,0.13639386717895094,1644920,86,86,5.228217785667388e-05
2016,Delaware,0.11430512466314907,441590,103,103,0.00023324803550805047
2016,District of Columbia,0.8641350075981764,312575,14,15,4.7988482764136605e-05
2016,Florida,0.011986256107856879,9420039,976,12057,0.001279931006655068
2016,Georgia,0.051313426974101836,4114732,228,228,5.5410656149659325e-05
2016,Hawaii,0.31541090882503475,437664,38,38,8.682459603714265e-05
2016,Idaho,0.31769418548217687,690255,37,37,5.360337846158304e-05
2016,Illinois,0.14959981388708668,5536424,79,79,1.4269138346340526e-05
2016,Indiana,0.09690971488410426,2734958,121,121,4.4241995672328425e-05
2016,Iowa,0.09409547899181134,1565580,125,125,7.984261423881245e-05
2016,Kansas,0.20602211073605076,1184402,57,57,4.812555196630874e-05
2016,Kentucky,0.14392388531241604,1924149,82,82,4.261624229724413e-05
2016,Louisiana,0.09283983692716527,2029032,126,126,6.20985770554629e-05
2016,Maine,0.02868536012810082,771892,408,408,0.0005285713545418271
2016,Maryland,0.24711966365696117,2781446,48,48,1.72572108176826e-05
2016,Massachusetts,0.2676386230581614,3378821,44,44,1.3022293871146178e-05
2016,Michigan,0.002230332691293118,4799284,5242,4799284,1.0
2016,Minnesota,0.015198408574896207,2944782,770,9428,0.0032015952284413585
2016,Mississippi,0.1782624981705154,1209357,66,66,5.4574455681821e-05
2016,Missouri,0.027863654732509555,2808605,420,420,0.0001495404302135758
2016,Montana,0.20530973093426838,494526,57,57,0.00011526188714041325
2016,Nebraska,0.2504859474999023,844227,47,47,5.5672230336153666e-05
2016,Nevada,0.023916259768879095,1125385,489,489,0.0004345179649631015
2016,New Hampshire,0.0013663918656018573,744296,8556,744296,1.0
2016,New Jersey,0.14102697799664743,3874046,83,83,2.1424629444255436e-05
2016,New Mexico,0.08213132845391379,798319,143,143,0.00017912638932557036
2016,New York,0.23745540294106035,7802084,50,50,6.4085441787091755e-06
2016,North Carolina,0.0365522852797094,4741564,320,320,6.748828023833486e-05
2016,North Dakota,0.3572888837263329,344360,33,33,9.582994540597049e-05
2016,Ohio,0.08129574399066167,5496487,144,144,2.6198551911429975e-05
2016,Oklahoma,0.3639118453508347,1452992,33,33,2.2711756155574153e-05
2016,Oregon,0.10977816818365332,2001336,107,107,5.3464285857047494e-05
2016,Pennsylvania,0.007242696391831641,6115402,1615,6115402,1.0
2016,Rhode Island,0.15508549070977973,464144,76,76,0.0001637422868764866
2016,South Carolina,0.14265912896030342,2103027,82,82,3.899141570697856e-05
2016,South Dakota,0.29793322219009816,370093,40,40,0.00010808094181732699
2016,Tennessee,0.2600570089556452,2508027,45,45,1.79423905723503e-05
2016,Texas,0.08999427598323423,8969226,130,130,1.4494004276400215e-05
2016,Utah,0.18079547995831408,1131317,65,65,5.7455160666727364e-05
2016,Vermont,0.25963359721905843,320467,46,46,0.00014354052055281824
2016,Virginia,0.053237058194936564,3982752,220,220,5.523818706261399e-05
2016,Washington,0.1570599987518914,3317019,75,75,2.2610663369730473e-05
2016,West Virginia,0.42153646793847843,713051,28,29,4.0670302685221677e-05
2016,Wisconsin,0.0076434319506745296,2976150,1530,2976150,1.0
2016,Wyoming,0.4576951017821537,258788,26,27,0.00010433250382552514
2018,Arizona,0.023444957614536376,2384308,499,2384308,1.0
2018,California,0.08327631489439201,11113364,141,620,5.5788688285563217e-05
2018,Connecticut,0.17447434455308472,1386840,68,107,7.715381731129763e-05
2018,Delaware,0.2213452034242344,362592,53,75,0.00020684405612920307
2018,Florida,0.0012250297771490982,8190005,9543,8190005,1.0
2018,Hawaii,0.4230219569410147,388351,28,33,8.497467497186824e-05
2018,Indiana,0.058901718023364066,2282565,199,2282565,1.0
2018,Maine,0.19084376167425116,634409,62,93,0.00014659312840769914
2018,Maryland,0.3454936303447688,2299889,34,42,1.826175089319528e-05
2018,Massachusetts,0.24164730393152795,2707090,49,66,2.438042325892379e-05
2018,Michigan,0.06505602308655736,4237271,180,17820,0.0042055370071916575
2018,Minnesota,0.12069996826918533,5184235,97,208,4.012163800445003e-05
2018,Mississippi,0.0965678003561118,1843803,122,364,0.00019741805388102742
2018,Missouri,0.05813890166151508,2442289,202,2442289,1.0
2018,Montana,0.035514607917776934,504384,330,504384,1.0
2018,Nebraska,0.19063849027662713,698883,62,93,0.00013306948373332877
2018,Nevada,0.05026992219163653,972132,233,972132,1.0
2018,New Jersey,0.11179057902193222,3169310,105,247,7.793494483026274e-05
2018,New Mexico,0.23555548541488525,697012,50,69,9.89939914951249e-05
2018,New York,0.33443426926925524,6055151,35,44,7.266540504109642e-06
2018,North Dakota,0.10837130294537894,326138,108,266,0.0008156056638600837
2018,Ohio,0.06845771541305194,4410898,171,2881,0.0006531549811398949
2018,Pennsylvania,0.12870429378035628,4994643,91,182,3.643904078830059e-05
2018,Rhode Island,0.2310783621508847,376738,51,71,0.0001884598845882284
2018,Tennessee,0.10787034148341608,2243740,109,269,0.00011988911371192741
2018,Texas,0.0256724626134259,8371655,456,8371655,1.0
2018,Utah,0.3167667910184458,1062845,37,47,4.4220935319825564e-05
2018,Vermont,0.39932654498503434,272624,30,35,0.0001283819472973766
2018,Virginia,0.1599514587006579,3351373,74,123,3.670137582417714e-05
2018,Washington,0.16867519849859114,3086168,70,113,3.66149866112279e-05
2018,West Virginia,0.032485233594836946,582911,360,582911,1.0
2018,Wisconsin,0.10836953753064987,2657841,108,266,0.00010008123134529116
2018,Wyoming,0.36861173925867663,203420,32,39,0.00019172156130174025
1976,Alabama,0.13112398021727184,1182850,90,90,7.608741598681152e-05
1976,Alaska,0.22251444478612006,123574,53,53,0.00042889280916697686
1976,Arizona,0.1064978814329511,742719,110,110,0.00014810446481105236
1976,Arkansas,0.3005739151960497,767535,39,39,5.0812015087259866e-05
1976,California,0.01793492119834388,7803770,652,652,8.354936139840103e-05
1976,Colorado,0.1141783177984909,1081440,103,103,9.524337919810623e-05
1976,Connecticut,0.051477435433204335,1386355,228,228,0.00016446004089861542
1976,Delaware,0.05381468498824488,235642,218,218,0.0009251321920540481
1976,District of Columbia,0.6512172007344667,168830,18,19,0.00011253924065628147
1976,Florida,0.05283671747024644,3150631,222,222,7.046207569213912e-05
1976,Georgia,0.33876589718634836,1463152,35,35,2.3920959681564185e-05
1976,Hawaii,0.024403161950664037,302092,480,480,0.0015889199316764429
1976,Idaho,0.22761723745497636,340932,52,52,0.00015252308378210317
1976,Illinois,0.019692532663797672,4721282,594,594,0.00012581328545933074
1976,Indiana,0.07622360678123657,2220362,154,154,6.93580596317177e-05
1976,Iowa,0.010109411140284984,1279303,1157,1279303,1.0
1976,Kansas,0.07551430555048051,957845,155,155,0.00016182158908800484
1976,Kentucky,0.07185500993023985,1167142,163,163,0.00013965738530530132
1976,Louisiana,0.05786753072492745,1277383,203,203,0.00015891866417511427
1976,Maine,0.008311514151787458,486193,1407,486193,1.0
1976,Maryland,0.06070839846872768,1432273,193,193,0.00013475084708013067
1976,Massachusetts,0.15669868949009208,2547558,75,75,2.9439957794876506e-05
1976,Michigan,0.05365991253125351,3651590,218,218,5.9700021086704696e-05
1976,Minnesota,0.1287455812539008,1949931,91,91,4.666831800715e-05
1976,Mississippi,0.018848501412043365,768390,621,621,0.0008081833443954241
1976,Missouri,0.03631449631449631,1953600,322,322,0.0001648239148239148
1976,Montana,0.07435799156765044,328734,158,158,0.00048063175698284937
1976,Nebraska,0.05689502578496215,606749,206,206,0.00033951436261122806
1976,Nevada,0.04355643168118713,201899,269,269,0.001332349342988326
1976,New Hampshire,0.1127413309306975,339627,104,104,0.0003062182924208028
1976,New Jersey,0.02157425910739924,3014472,542,542,0.00017979931477220555
1976,New Mexico,0.02465493650831753,416590,475,475,0.001140209798602943
1976,New York,0.06272279043624861,6668262,187,187,2.8043289240884657e-05
1976,North Carolina,0.11049784672085325,1677906,106,106,6.317397994881716e-05
1976,North Dakota,0.05921804996838296,297308,198,198,0.0006659760248631049
1976,Ohio,0.002270551004560078,4110456,5149,4110456,1.0
1976,Oklahoma,0.012145559949132571,1092251,963,11894,0.01088943841662768
1976,Oregon,0.0016633070389056547,1029876,7029,1029876,1.0
1976,Pennsylvania,0.026634640376195656,4620787,439,439,9.500546119091834e-05
1976,Rhode Island,0.11297809948755919,410584,104,104,0.00025329774175321005
1976,South Carolina,0.13040146626579432,802583,90,90,0.00011213793464351974
1976,South Dakota,0.014756649971065391,300678,793,9722,0.03233359274705831
1976,Tennessee,0.05279859870247219,1476346,222,222,0.00015037125443493598
1976,Texas,0.03168533288276385,4071884,369,369,9.062144206465607e-05
1976,Utah,0.12245158143299004,541218,96,96,0.0001773776925379422
1976,Vermont,0.046540780704538244,189060,252,252,0.0013329101872421453
1976,Virginia,0.013351057749305577,1697094,876,10786,0.006355570168770852
1976,Washington,0.03883489528354893,1555534,302,302,0.00019414554744544318
1976,West Virginia,0.16139037290664676,750590,73,73,9.725682463129006e-05
1976,Wisconsin,0.016772662725047304,2101336,697,1537,0.000731439427107326
1976,Wyoming,0.09115854243554236,156343,129,129,0.0008251088951855856
1978,Alabama,0.8798945026245479,582005,14,15,2.577297445898231e-05
1978,Alaska,0.514978694975599,122741,23,26,0.0002118281584800515
1978,Arkansas,0.6017697403787771,517138,20,22,4.2541836028294185e-05
1978,Colorado,0.18389001728397472,819256,64,98,0.00011962072905172498
1978,Delaware,0.16937533935534824,162072,70,112,0.0006910508909620416
1978,Georgia,0.6626777941741794,645128,18,20,3.1001599682543617e-05
1978,Idaho,0.36887205286449076,284047,32,39,0.00013730122127676052
1978,Illinois,0.07866328556841261,3184764,149,820,0.00025747590716297973
1978,Iowa,0.03217653678981683,824576,364,824576,1.0
1978,Kansas,0.11451326653659866,748839,103,234,0.0003124837248059997
1978,Kentucky,0.24112436894771835,476783,49,67,0.00014052514456262073
1978,Louisiana,inf,1,12,12
1978,Maine,0.22650980768513038,375114,52,73,0.00019460750598484727
1978,Massachusetts,0.10207936747746386,1985700,115,311,0.00015661983179735106
1978,Michigan,0.04286753108061111,2846630,273,2846630,1.0
1978,Minnesota,0.16178251346621772,1580622,73,121,7.655214213138878e-05
1978,Mississippi,0.13513408196043616,590236,87,166,0.00028124343482945806
1978,Montana,0.11378680428697446,287942,103,237,0.0008230824263219676
1978,Nebraska,0.35315774338702555,493802,34,41,8.302923033928579e-05
1978,New Hampshire,0.021989687594783137,263760,532,263760,1.0
1978,New Jersey,0.12197096829398497,1957515,96,204,0.00010421376081409338
1978,New Mexico,0.06811611502036467,343487,172,3146,0.009159007473354158
1978,North Carolina,0.09023308393803915,1135814,130,453,0.0003988329075006999
1978,Oklahoma,0.326273029072049,754264,36,45,5.966080841721201e-05
1978,Oregon,0.23366363479504054,892518,51,70,7.842979077172674e-05
1978,Rhode Island,0.5022479042464776,305618,24,27,8.834558173929546e-05
1978,South Carolina,0.11355038975545159,632063,103,238,0.00037654474316642486
1978,South Dakota,0.33671884475291375,255599,35,43,0.0001682322700793039
1978,Tennessee,0.15246470900376288,1157094,77,133,0.00011494312475909477
1978,Texas,0.005287259896045041,2312540,2212,2312540,1.0
1978,Virginia,0.003862529617363302,1222256,3027,1222256,1.0
1978,West Virginia,0.009561144094164196,493351,1223,493351,1.0
1978,Wyoming,0.24333403317237035,133364,49,66,0.0004948861761794787
