year,state,postal code,margin,total votes,initial sample,expected sample
1980,Alabama,AL,0.030990386016809625,1296757,148,187
1980,Alaska,AK,0.07751878644059147,156762,60,65
1980,Arizona,AZ,0.010751076937859027,874238,426,1062
1980,Arkansas,AR,0.1821548147159043,808812,26,27
1980,California,CA,0.19370791392419906,8324012,24,25
1980,Colorado,CO,0.016371419657637352,1173142,280,461
1980,Connecticut,CT,0.13427354681710083,1356075,35,36
1980,Florida,FL,0.033177457775278425,3528028,138,172
1980,Georgia,GA,0.017434165343211197,1579829,263,417
1980,Hawaii,HI,0.5951855169683965,288006,8,8
1980,Idaho,ID,0.00969414098128726,439647,473,1407
1980,Illinois,IL,0.13515329269749166,4580029,34,36
1980,Indiana,IN,0.07571589209489187,2198376,61,67
1980,Iowa,IA,0.07945975915162735,1276986,58,63
1980,Kansas,KS,0.27521494594534146,938957,17,18
1980,Kentucky,KY,0.3025168937231236,1106920,16,16
1980,Louisiana,LA,0.1888769852546869,841013,25,26
1980,Maryland,MD,0.3233464584072008,1286088,15,15
1980,Missouri,MO,0.04328084897422066,2066965,106,125
1980,Nevada,NV,0.21414213661195447,243273,22,23
1980,New Hampshire,NH,0.04293713005919053,375060,107,126
1980,New York,NY,0.057619942695772544,6014914,80,90
1980,North Carolina,NC,0.005791401623773061,1797665,791,1797665
1980,Ohio,OH,0.4055048750987944,4027303,12,12
1980,Oklahoma,OK,0.09921660320460642,1098294,47,50
1980,Oregon,OR,0.08095351663401999,1140494,57,62
1980,Pennsylvania,PA,0.02444816051997695,4418042,188,255
1980,South Carolina,SC,0.40736128661688686,870500,12,12
1980,South Dakota,SD,0.1880309516975186,327478,25,26
1980,Utah,UT,0.4816119185997597,594298,10,10
1980,Vermont,VT,0.013174002027505212,209124,348,680
1980,Washington,WA,0.08346886573411118,1728369,55,60
1980,Wisconsin,WI,0.018520988548236503,2204202,248,379
1982,Arizona,AZ,0.16607748468334058,723885,28,29
1982,California,CA,0.06759341229525524,7805450,68,75
1982,Connecticut,CT,0.04323087600645311,1083508,106,125
1982,Delaware,DE,0.10967741935483871,190960,42,45
1982,Florida,FL,0.23454154809323366,2653419,20,21
1982,Hawaii,HI,0.6309030384125844,306410,8,8
1982,Indiana,IN,0.08248614555653565,1817287,56,61
1982,Maine,ME,0.21738903451051195,459715,22,22
1982,Maryland,MD,0.2691528586423131,1114690,18,18
1982,Massachusetts,MA,0.22551637946545905,2050769,21,21
1982,Michigan,MI,0.16882051234097464,2994334,28,29
1982,Minnesota,MN,0.06029118816407386,1804675,76,85
1982,Mississippi,MS,0.28397614979861274,645026,17,17
1982,Missouri,MO,0.017004627731012405,1543521,270,434
1982,Montana,MT,0.12792544742137033,321062,36,38
1982,Nebraska,NE,0.3804474321310298,545647,13,13
1982,Nevada,NV,0.024062408282538698,235097,191,260
1982,New Jersey,NJ,0.0318708992249122,2193945,144,180
1982,New Mexico,NM,0.07547738445196511,404810,61,67
1982,New York,NY,0.33699946192717034,4967729,14,14
1982,North Dakota,ND,0.287920294134456,262465,16,17
1982,Ohio,OH,0.15520033644896145,3395463,30,31
1982,Pennsylvania,PA,0.20073011130632046,3604108,23,24
1982,Rhode Island,RI,0.023957196786258163,342778,192,262
1982,Tennessee,TN,0.2385097457105776,1259785,20,20
1982,Texas,TX,0.18093257630027645,3103167,26,27
1982,Utah,UT,0.16927215797981168,530802,28,29
1982,Vermont,VT,0.03041035225771122,168002,151,191
1982,Virginia,VA,0.023828394868121574,1415622,193,264
1982,Washington,WA,0.4467612146650727,1368476,11,11
1982,West Virginia,WV,0.37724167453839813,565314,13,13
1982,Wisconsin,WI,0.2951395024736501,1544883,16,16
1982,Wyoming,WY,0.13313515679671753,167191,35,37
1984,Alabama,AL,0.2640154780292787,1371234,18,18
1984,Alaska,AK,0.42683517569439733,206438,11,11
1984,Arkansas,AR,0.146954869879309,875956,32,33
1984,Colorado,CO,0.2962639340611754,1297809,16,16
1984,Delaware,DE,0.20221036709334286,245932,23,24
1984,Georgia,GA,0.5988709032773781,1681344,8,8
1984,Idaho,ID,0.4618827677217309,406168,10,11
1984,Illinois,IL,0.018617038498454776,4787335,246,376
1984,Iowa,IA,0.11797168716639592,1292700,39,42
1984,Kansas,KS,0.5475289672518809,996729,9,9
1984,Kentucky,KY,0.004076889091439461,1292407,1123,1292407
1984,Louisiana,LA,1,1,5,5
1984,Maine,ME,0.4747645110862051,551406,10,10
1984,Massachusetts,MA,0.10126059535952002,2530471,46,49
1984,Michigan,MI,0.046077237716492414,3700938,100,116
1984,Minnesota,MN,0.16798546857598917,2066143,28,29
1984,Mississippi,MS,0.2188397882886667,952240,21,22
1984,Montana,MT,0.1619284988988672,379155,29,30
1984,Nebraska,NE,0.03919220595684011,639668,117,140
1984,New Hampshire,NH,0.17790456566476484,384369,26,27
1984,New Jersey,NJ,0.29276824860421075,3096456,16,16
1984,New Mexico,NM,0.4379289900802572,502634,11,11
1984,North Carolina,NC,0.03853418256216585,2239051,119,143
1984,Oklahoma,OK,0.5221418154710974,1197937,9,9
1984,Oregon,OR,0.33096107381445333,1214735,14,15
1984,Rhode Island,RI,0.4531925278882234,393356,11,11
1984,South Carolina,SC,0.3500388548692922,965130,14,14
1984,South Dakota,SD,0.48980878202671413,315713,10,10
1984,Tennessee,TN,0.26916341633313834,1648036,18,18
1984,Texas,TX,0.17101252536140113,5314178,27,28
1984,Virginia,VA,0.40102476379672697,2007487,12,12
1984,West Virginia,WV,0.04092011763858812,722212,112,133
1984,Wyoming,WY,0.5663409988335883,186898,9,9
1986,Alabama,AL,0.005630016412285862,1211897,813,1211897
1986,Alaska,AK,0.09926383150535671,180801,47,50
1986,Arizona,AZ,0.2096194205495057,862921,22,23
1986,Arkansas,AR,0.24559625125990853,695487,19,20
1986,California,CA,0.014174297306656437,7398462,323,592
1986,Colorado,CO,0.01551238964332345,1060765,295,505
1986,Connecticut,CT,0.2991576699732735,976933,16,16
1986,Florida,FL,0.09480098519065329,3429996,49,52
1986,Georgia,GA,0.018339472068753835,1225008,250,385
1986,Hawaii,HI,0.47134554147391855,328797,10,10
1986,Idaho,ID,0.03112893430779218,382024,147,186
1986,Illinois,IL,0.313828279829888,3122883,15,15
1986,Indiana,IN,0.22059987202074585,1545563,21,22
1986,Iowa,IA,0.32460903245484785,891762,15,15
1986,Kansas,KS,0.40098547050266764,823566,12,12
1986,Kentucky,KY,0.4879001299314907,677280,10,10
1986,Louisiana,LA,0.05640935048401449,1369897,82,92
1986,Maryland,MD,0.2137390721322408,1112637,22,23
1986,Missouri,MO,0.05278993750198839,1477327,87,99
1986,Nevada,NV,0.05478139364415192,261932,84,95
1986,New Hampshire,NH,0.30591456064723066,244735,15,16
1986,New York,NY,0.06846235299705074,4484859,67,74
1986,North Dakota,ND,0.007335310176358849,289013,624,5111
1986,Ohio,OH,0.2490445147666482,3121189,19,19
1986,Oklahoma,OK,0.10429623595392462,893666,44,47
1986,Oregon,OR,0.26912920661260076,1042555,18,18
1986,Pennsylvania,PA,0.13566824718062084,3378226,34,36
1986,South Carolina,SC,0.2745588526238478,737962,17,18
1986,South Dakota,SD,0.0320589527769327,295830,143,179
1986,Utah,UT,0.4575499125510502,435111,11,11
1986,Vermont,VT,0.2865945494881241,196532,16,17
1986,Washington,WA,0.019844964022590658,1337367,231,342
1986,Wisconsin,WI,0.03479699617172361,1483174,132,162
1988,Arizona,AZ,0.15657955637380971,1164539,30,31
1988,California,CA,0.08786856764821373,9743598,53,57
1988,Connecticut,CT,0.007260434570799537,1383526,631,5578
1988,Delaware,DE,0.24122664717260867,243493,19,20
1988,Florida,FL,0.008484814816544577,4068209,540,2238
1988,Hawaii,HI,0.5587138287492744,323876,9,9
1988,Indiana,IN,0.36285710066626875,2099303,13,13
1988,Maine,ME,0.6258107392073571,556745,8,8
1988,Maryland,MD,0.23600102655118996,1617065,20,20
1988,Massachusetts,MA,0.31044019606902706,2606225,15,16
1988,Michigan,MI,0.2192382454574107,3505985,21,22
1988,Minnesota,MN,0.15258986233215358,2093953,30,32
1988,Mississippi,MS,0.07820800047321327,946719,59,64
1988,Missouri,MO,0.3595074258914076,2078875,13,13
1988,Montana,MT,0.03733292448542658,365254,123,149
1988,Nebraska,NE,0.15043122810169796,667860,31,32
1988,Nevada,NV,0.04150616079694632,342407,111,131
1988,New Jersey,NJ,0.08366754428420617,2987634,55,60
1988,New Mexico,NM,0.26622991045973443,508598,18,18
1988,New York,NY,0.3675926753606203,6040980,13,13
1988,North Dakota,ND,0.2039008195870941,289170,23,24
1988,Ohio,OH,0.13952107845220604,4352905,33,35
1988,Pennsylvania,PA,0.3400704621767335,4366598,14,14
1988,Rhode Island,RI,0.09185155405914722,397990,50,54
1988,Tennessee,TN,0.3056622049399527,1567181,15,16
1988,Texas,TX,0.19170802647679036,5323606,24,25
1988,Utah,UT,0.35386966171480655,640702,13,14
1988,Vermont,VT,0.3820072633981375,240108,12,13
1988,Virginia,VA,0.4255571930357094,2068897,11,11
1988,Washington,WA,0.021733885408067546,1848542,211,300
1988,West Virginia,WV,0.2953587362323043,634547,16,16
1988,Wisconsin,WI,0.04528431548895623,2168190,102,118
1988,Wyoming,WY,0.007305320395216728,180964,627,5289
1990,Alabama,AL,0.21146956429291044,1185154,22,23
1990,Alaska,AK,0.3403612396489732,189957,14,14
1990,Arkansas,AR,0.9966648811990257,494735,5,5
1990,Colorado,CO,0.14021351686403588,1022027,33,35
1990,Delaware,DE,0.2684547367018767,180157,18,18
1990,Georgia,GA,1,1033439,5,5
1990,Idaho,ID,0.22582421756305074,315936,21,21
1990,Illinois,IL,0.3013680384988642,3251005,16,16
1990,Iowa,IA,0.09056104429874798,983933,51,55
1990,Kansas,KS,0.47201409247871184,786235,10,10
1990,Kentucky,KY,0.04373096363576817,916010,105,123
1990,Louisiana,LA,1,1,5,5
1990,Maine,ME,0.22700261377613776,520320,21,21
1990,Massachusetts,MA,0.13560910987020838,2424579,34,36
1990,Michigan,MI,0.1624913005068553,2560494,29,30
1990,Minnesota,MN,0.026340052377014953,1808045,174,230
1990,Mississippi,MS,1,274244,5,5
1990,Montana,MT,0.3874508354836285,319336,12,13
1990,Nebraska,NE,0.17979280195612196,593828,26,27
1990,New Hampshire,NH,0.3380074332602362,291393,14,14
1990,New Jersey,NJ,0.03040361029975434,1938454,151,191
1990,New Mexico,NM,0.4587406435378362,406938,10,11
1990,North Carolina,NC,0.05110106615577519,2069585,90,103
1990,Oklahoma,OK,0.6635063052714647,884498,7,7
1990,Oregon,OR,0.07491619323996707,1099255,62,67
1990,Rhode Island,RI,0.23665749240513978,364062,20,20
1990,South Carolina,SC,0.31692410978319363,750716,15,15
1990,South Dakota,SD,0.07319211046583467,258976,63,69
1990,Tennessee,TN,0.37911297297435204,783922,13,13
1990,Texas,TX,0.22824049352237494,3822157,21,21
1990,Virginia,VA,0.6275106349601823,1083690,8,8
1990,West Virginia,WV,0.36646343725652664,404305,13,13
1990,Wyoming,WY,0.27872513195290294,157632,17,17
1992,Alabama,AL,0.31733002746230665,1577799,15,15
1992,Alaska,AK,0.14641614590720609,239714,32,33
1992,Arizona,AZ,0.24244691404296947,1382051,19,20
1992,Arkansas,AR,0.20354388222711106,920008,23,24
1992,California,CA,0.04900921812386878,10799703,94,108
1992,Colorado,CO,0.09072537394776359,1552289,51,55
1992,Connecticut,CT,0.003749014600899204,1500661,1221,1500661
1992,Florida,FL,0.30813596142103744,4962290,15,16
1992,Georgia,GA,0.0156041050157067,2251587,294,500
1992,Hawaii,HI,0.30340810972826415,363662,16,16
1992,Idaho,ID,0.13047330847809005,478504,36,37
1992,Illinois,IL,0.10211358992039368,4939558,45,48
1992,Indiana,IN,0.1663288755762119,2211426,28,29
1992,Iowa,IA,0.42414123392449016,1292494,11,11
1992,Kansas,KS,0.31667801503310855,1126447,15,15
1992,Kentucky,KY,0.270715583480732,1330858,17,18
1992,Louisiana,LA,1,1,5,5
1992,Maryland,MD,0.42031327900209525,1841298,11,12
1992,Missouri,MO,0.0696135233698357,2354916,66,73
1992,Nevada,NV,0.10836541389469778,495887,43,45
1992,New Hampshire,NH,0.028193450026053227,518170,163,211
1992,New York,NY,0.04099265342102233,7078805,112,133
1992,North Carolina,NC,0.040295342200271464,2577891,114,136
1992,North Dakota,ND,0.2012949200051323,303957,23,24
1992,Ohio,OH,0.08680080926951099,4793953,53,57
1992,Oklahoma,OK,0.2035856903037106,1294423,23,24
1992,Oregon,OR,0.05639690327194188,1376033,82,92
1992,Pennsylvania,PA,0.027727536799232053,4802410,166,215
1992,South Carolina,SC,0.03122146186415551,1180438,147,185
1992,South Dakota,SD,0.3239570098207746,334495,15,15
1992,Utah,UT,0.15668330962360197,758479,30,31
1992,Vermont,VT,0.10816864341234483,285739,43,45
1992,Washington,WA,0.07983767817047217,2218802,58,63
1992,Wisconsin,WI,0.0656027964371657,2455124,70,78
1994,Arizona,AZ,0.14162690114917878,1119060,33,34
1994,California,CA,0.01904220169650564,8514089,241,364
1994,Connecticut,CT,0.10092028631129685,1079664,46,49
1994,Delaware,DE,0.13333668341708543,199000,35,37
1994,Florida,FL,0.410201723184092,4106816,12,12
1994,Hawaii,HI,0.4759541835013533,356902,10,10
1994,Indiana,IN,0.36851372922993997,1543568,13,13
1994,Maine,ME,0.23880031188139128,511733,20,20
1994,Maryland,MD,0.1820296676432199,1369101,26,27
1994,Massachusetts,MA,0.17064513095513878,2179945,27,28
1994,Michigan,MI,0.09128322575027478,3043385,51,54
1994,Minnesota,MN,0.049518621445077605,1772929,93,107
1994,Mississippi,MS,0.37590303987107065,608085,13,13
1994,Missouri,MO,0.24023894776454047,1775116,20,20
1994,Montana,MT,0.24743212505030152,350387,19,19
1994,Nebraska,NE,0.09777021952503863,579205,47,51
1994,Nevada,NV,0.0992930912148845,380530,47,50
1994,New Jersey,NJ,0.03272345389308512,2054887,140,175
1994,New Mexico,NM,0.0798020708296272,463196,58,63
1994,New York,NY,0.1532568538230184,5328486,30,32
1994,North Dakota,ND,0.1596596025314208,236547,29,30
1994,Ohio,OH,0.14208888050920543,3436884,33,34
1994,Pennsylvania,PA,0.0248223851747657,3513361,185,249
1994,Rhode Island,RI,0.29046753216672266,345388,16,17
1994,Tennessee,TN,0.14257179353292473,1480391,33,34
1994,Texas,TX,0.22537769221063847,4279940,21,21
1994,Utah,UT,0.4050787207493106,519304,12,12
1994,Vermont,VT,0.09749518122378019,211672,47,51
1994,Virginia,VA,0.02729721020499518,2057463,168,220
1994,Washington,WA,0.11497006481105158,1700173,40,43
1994,West Virginia,WV,0.380233574700192,420936,13,13
1994,Wisconsin,WI,0.17607822547884938,1565628,26,27
1994,Wyoming,WY,0.1956620891378712,201710,24,25
1996,Alabama,AL,0.06988494677512834,1499393,66,73
1996,Alaska,AK,0.6418530847375774,231916,8,8
1996,Arkansas,AR,0.054008411891990266,846183,85,97
1996,Colorado,CO,0.05666959669115053,1459601,81,92
1996,Delaware,DE,0.2190819003523337,275591,21,22
1996,Georgia,GA,0.013289518879048735,2259224,345,669
1996,Idaho,ID,0.1711672395034119,497233,27,28
1996,Illinois,IL,0.15413946148442548,4250722,30,31
1996,Iowa,IA,0.050944647866842475,1224054,90,103
1996,Kansas,KS,0.27586904875035634,1052300,17,17
1996,Kentucky,KY,0.12607207397444314,1307046,37,39
1996,Louisiana,LA,0.0034045016122562057,1700102,1345,1700102
1996,Maine,ME,0.05306067962365087,606777,87,99
1996,Massachusetts,MA,0.07473369896499998,2555942,62,68
1996,Michigan,MI,0.18488189604193936,3762575,25,26
1996,Minnesota,MN,0.09035482533596285,2182905,51,55
1996,Mississippi,MS,0.4364670373818374,878662,11,11
1996,Montana,MT,0.04864904660237061,407490,95,109
1996,Nebraska,NE,0.14811653020305604,661837,31,33
1996,New Hampshire,NH,0.030296438308262497,491873,152,192
1996,New Jersey,NJ,0.10119869629119956,2883466,46,49
1996,New Mexico,NM,0.3494158431810315,551821,14,14
1996,North Carolina,NC,0.06726421264437957,2556456,69,76
1996,Oklahoma,OK,0.1660381185817521,1183150,28,29
1996,Oregon,OR,0.03893900296273425,1360230,118,141
1996,Rhode Island,RI,0.2835242102143145,364371,17,17
1996,South Carolina,SC,0.09378667982511663,1161231,49,53
1996,South Dakota,SD,0.0264386554777233,324487,174,229
1996,Tennessee,TN,0.24547469336535738,1778664,19,20
1996,Texas,TX,0.10835104345754211,5527441,43,45
1996,Virginia,VA,0.05086050753488214,2354715,90,104
1996,West Virginia,WV,0.5329592655646106,595614,9,9
1996,Wyoming,WY,0.1185017789716549,211077,39,41
1998,Alabama,AL,0.26550461765649586,1293405,18,18
1998,Alaska,AK,0.5477013800285834,221807,9,9
1998,Arizona,AZ,0.415830767408811,1013280,12,12
1998,Arkansas,AR,0.12843039192044872,700831,36,38
1998,California,CA,0.100455671714246,8311905,46,49
1998,Colorado,CO,0.2747184937106089,1327235,17,18
1998,Connecticut,CT,0.3277792581732519,964457,14,15
1998,Florida,FL,0.2493875895411524,3900162,19,19
1998,Georgia,GA,0.07220033832149436,1753953,64,70
1998,Hawaii,HI,0.613597773557987,398124,8,8
1998,Idaho,ID,0.41142701507771556,378174,12,12
1998,Illinois,IL,0.029030605496327758,3394521,158,203
1998,Indiana,IN,0.2892528532679683,1588617,16,17
1998,Iowa,IA,0.37918382288557845,947907,13,13
1998,Kansas,KS,0.3367833825608193,727236,14,14
1998,Kentucky,KY,0.005907034487093749,1145414,775,1145414
1998,Louisiana,LA,0.3238726119907343,969165,15,15
1998,Maryland,MD,0.41007942567798406,1507447,12,12
1998,Missouri,MO,0.0890486581852381,1576857,52,56
1998,Nevada,NV,0.0009200117467834003,435864,4974,435864
1998,New Hampshire,NH,0.3959186008083992,314696,12,12
1998,New York,NY,0.1415086985110054,4989877,33,34
1998,North Carolina,NC,0.041395666212590256,2012143,111,131
1998,North Dakota,ND,0.27997075338164024,213358,17,17
1998,Ohio,OH,0.12925606084683983,3404351,36,38
1998,Oklahoma,OK,0.3510287735558262,859713,14,14
1998,Oregon,OR,0.27258941424132654,1117747,17,18
1998,Pennsylvania,PA,0.26554227068208647,2957499,18,18
1998,South Carolina,SC,0.07028491305002606,1069063,66,72
1998,South Dakota,SD,0.2573451705575119,262111,18,19
1998,Utah,UT,0.31011761758222217,494909,15,16
1998,Vermont,VT,0.4976546001607206,214036,10,10
1998,Washington,WA,0.16827997612997408,1888561,28,29
1998,Wisconsin,WI,0.02145969300945687,1760836,214,305
2000,Arizona,AZ,0.7150405561329519,1397076,7,7
2000,California,CA,0.19255878040680718,10623608,24,25
2000,Connecticut,CT,0.2904265436095484,1311261,16,17
2000,Delaware,DE,0.11827470312820153,326993,39,41
2000,Florida,FL,0.048514948014515266,5856731,95,109
2000,Hawaii,HI,0.4817792797354343,345623,10,10
2000,Indiana,IN,0.3471321442339651,2145209,14,14
2000,Maine,ME,0.3788259680691541,634872,13,13
2000,Maryland,MD,0.26443860952140275,1946898,18,18
2000,Massachusetts,MA,0.5688096917098748,2734048,9,9
2000,Michigan,MI,0.016138215820053578,4167685,284,472
2000,Minnesota,MN,0.05541553696600979,2419520,83,94
2000,Mississippi,MS,0.34285878102166284,994144,14,14
2000,Missouri,MO,0.02073183021918321,2361586,221,321
2000,Montana,MT,0.033168043809417375,411601,138,172
2000,Nebraska,NE,0.02183288799017838,692350,210,298
2000,Nevada,NV,0.15384602580662343,600776,30,32
2000,New Jersey,NJ,0.03016584749882447,3015662,152,193
2000,New Mexico,NM,0.23447142280408328,589526,20,21
2000,New York,NY,0.12038314504353803,6959662,39,41
2000,North Dakota,ND,0.22745088492343649,287539,21,21
2000,Ohio,OH,0.24061449365795412,4448801,20,20
2000,Pennsylvania,PA,0.06906990240576999,4735116,67,74
2000,Rhode Island,RI,0.15731321850094415,391353,30,31
2000,Tennessee,TN,0.32888505884799074,1928613,14,15
2000,Texas,TX,0.32768694906352364,6267964,14,15
2000,Utah,UT,0.3406946046792014,769704,14,14
2000,Vermont,VT,0.4013206239168111,288500,12,12
2000,Virginia,VA,0.0457517397815768,2718301,101,117
2000,Washington,WA,0.000905589915246697,2461379,5053,2461379
2000,West Virginia,WV,0.5759622984803067,603477,8,9
2000,Wisconsin,WI,0.24506836981311242,2540083,19,20
2000,Wyoming,WY,0.5173430559910887,213659,9,9
2002,Alabama,AL,0.18749348680695008,1353023,25,26
2002,Alaska,AK,0.6765687350793734,229548,7,7
2002,Arkansas,AR,0.07791240373028437,804121,59,65
2002,Colorado,CO,0.04926480246200432,1416082,93,107
2002,Delaware,DE,0.17416083404357896,232314,27,28
2002,Georgia,GA,0.06838438987125443,2031604,67,74
2002,Idaho,ID,0.32613378240777,408544,15,15
2002,Illinois,IL,0.2231420270037349,3486851,21,22
2002,Iowa,IA,0.1039865112528407,1023075,45,47
2002,Kansas,KS,0.7341829181952758,776850,7,7
2002,Kentucky,KY,0.29350409656743975,1131313,16,16
2002,Louisiana,LA,0.01692920255203336,2481629,271,437
2002,Maine,ME,0.16871295051089427,504899,28,29
2002,Massachusetts,MA,0.5567573946055062,2220301,9,9
2002,Michigan,MI,0.22723035630800242,3129287,21,21
2002,Minnesota,MN,0.021933001247649846,2254639,209,296
2002,Mississippi,MS,0.6915883551812465,630495,7,7
2002,Montana,MT,0.31004755969461345,326537,15,16
2002,Nebraska,NE,0.6812503514036363,480217,7,7
2002,New Hampshire,NH,0.04417234168651526,447135,104,122
2002,New Jersey,NJ,0.0992869463467834,2112604,47,50
2002,New Mexico,NM,0.30085538736709616,483056,16,16
2002,North Carolina,NC,0.08608555062862987,2331181,54,58
2002,Oklahoma,OK,0.20992238988869077,1018424,22,23
2002,Oregon,OR,0.16602392163639965,1267221,28,29
2002,Rhode Island,RI,0.5685297698883127,323582,9,9
2002,South Carolina,SC,0.1021396085997795,1102912,45,48
2002,South Dakota,SD,0.0015762916258025902,337501,2903,337501
2002,Tennessee,TN,0.09940502864045513,1642432,47,50
2002,Texas,TX,0.11973494975201661,4514012,39,41
2002,Virginia,VA,0.7283308558622069,1489422,7,7
2002,West Virginia,WV,0.2622270927569392,436183,18,18
2002,Wyoming,WY,0.4590790048013968,183280,10,11
2004,Alabama,AL,0.3519079793764878,1839066,14,14
2004,Alaska,AK,0.030322884063376743,308315,151,192
2004,Arizona,AZ,0.5611856590050248,1961677,9,9
2004,Arkansas,AR,0.11828269426342836,1039349,39,41
2004,California,CA,0.199099582313384,12053295,23,24
2004,Colorado,CO,0.04769695635339402,2107472,96,111
2004,Connecticut,CT,0.3422398412045544,1424726,14,14
2004,Florida,FL,0.011125730730478792,7429894,412,977
2004,Georgia,GA,0.1789864640617253,3220981,26,27
2004,Hawaii,HI,0.5452236322881832,415347,9,9
2004,Idaho,ID,0.9835850868768008,503932,5,5
2004,Illinois,IL,0.4292049821842568,5141520,11,11
2004,Indiana,IN,0.2442364468319144,2428233,19,20
2004,Iowa,IA,0.4230652745891776,1479228,11,11
2004,Kansas,KS,0.416755386520369,1129022,11,12
2004,Kentucky,KY,0.013136452786595854,1724362,349,684
2004,Louisiana,LA,0.21691117585181402,1848056,22,22
2004,Maryland,MD,0.3107913198109677,2321931,15,16
2004,Missouri,MO,0.13295438002188883,2706402,35,37
2004,Nevada,NV,0.25944118271552513,810068,18,19
2004,New Hampshire,NH,0.32461199903817767,657086,15,15
2004,New York,NY,0.37055658449226336,7447818,13,13
2004,North Carolina,NC,0.045771672443219946,3472082,100,117
2004,North Dakota,ND,0.36559852717769137,310696,13,13
2004,Ohio,OH,0.2770427638350901,5425823,17,17
2004,Oklahoma,OK,0.11520438249820644,1446846,40,43
2004,Oregon,OR,0.31646064418297715,1780550,15,15
2004,Pennsylvania,PA,0.10630380250058238,5559105,44,46
2004,South Carolina,SC,0.0956555166755258,1597221,48,52
2004,South Dakota,SD,0.011523870875384725,391188,398,901
2004,Utah,UT,0.4032845394339966,911726,12,12
2004,Vermont,VT,0.4608408635191792,307208,10,11
2004,Washington,WA,0.12244297005908146,2818651,38,40
2004,Wisconsin,WI,0.11238741815812428,2949743,41,44
2006,Arizona,AZ,0.09841418093742263,1526782,47,50
2006,California,CA,0.24415768422225853,8541476,19,20
2006,Connecticut,CT,0.0998002250662465,1134777,46,50
2006,Delaware,DE,0.41499843603378167,242972,12,12
2006,Florida,FL,0.2220534995683769,4793534,21,22
2006,Hawaii,HI,0.24569043466086418,342842,19,20
2006,Indiana,IN,0.7476882972401241,1341111,7,7
2006,Maine,ME,0.5365070222039594,545128,9,9
2006,Maryland,MD,0.10010167651149068,1781139,46,49
2006,Massachusetts,MA,0.37400521874380244,2243835,13,13
2006,Michigan,MI,0.1565234850965916,3780142,30,31
2006,Minnesota,MN,0.20119921626023937,2202772,23,24
2006,Mississippi,MS,0.287105861477998,610921,16,17
2006,Missouri,MO,0.022699051285460514,2128459,202,282
2006,Montana,MT,0.008762499846250353,406505,523,1971
2006,Nebraska,NE,0.27765584586605796,592316,17,17
2006,Nevada,NV,0.14368181100361843,582572,32,34
2006,New Jersey,NJ,0.16018946191638964,101973,29,30
2006,New Mexico,NM,0.41274550174559127,558550,12,12
2006,New York,NY,0.3161338730621755,4700632,15,15
2006,North Dakota,ND,0.39297829036635007,218152,12,12
2006,Ohio,OH,0.12348914072226662,4019236,38,40
2006,Pennsylvania,PA,0.1735355398117589,4081043,27,28
2006,Rhode Island,RI,0.07037270807521176,384993,66,72
2006,Tennessee,TN,0.027231900615969393,1833695,169,221
2006,Texas,TX,0.2564712470012142,4314663,18,19
2006,Utah,UT,0.3129599546259794,571252,15,15
2006,Vermont,VT,0.3304410122742637,262419,14,15
2006,Virginia,VA,0.003935547966731985,2370445,1163,2370445
2006,Washington,WA,0.16919290082131405,2083734,28,29
2006,West Virginia,WV,0.5409804320252515,206562,9,9
2006,Wisconsin,WI,0.378298711544748,2138297,13,13
2006,Wyoming,WY,0.39499018933312946,196215,12,12
2008,Alabama,AL,0.2684178311622563,2060191,18,18
2008,Alaska,AK,0.01244165515244411,317723,368,763
2008,Arkansas,AR,0.5906593895354009,1011754,8,8
2008,Colorado,CO,0.10303518453470782,2331621,45,48
2008,Delaware,DE,0.29373025162382516,398134,16,16
2008,Georgia,GA,0.029235026922159582,3752485,157,201
2008,Idaho,ID,0.2354927262011849,644780,20,20
2008,Illinois,IL,0.39310855545824264,5329884,12,12
2008,Iowa,IA,0.2539453250277128,1502918,19,19
2008,Kansas,KS,0.23599930618077294,1210690,20,20
2008,Kentucky,KY,0.05931239140369864,1800821,78,87
2008,Louisiana,LA,0.06386304989945027,1896574,72,80
2008,Maine,ME,0.22747539444804882,724430,21,21
2008,Massachusetts,MA,0.337071119998582,3102995,14,14
2008,Michigan,MI,0.28818839174858,4848620,16,17
2008,Minnesota,MN,0.0001080464849223208,2887646,42352,2887646
2008,Mississippi,MS,0.22870092524133417,1247026,21,21
2008,Montana,MT,0.45831955080831893,477658,10,11
2008,Nebraska,NE,0.1746322763974254,792511,27,28
2008,New Hampshire,NH,0.06337913633962639,694787,73,81
2008,New Jersey,NJ,0.14076116062134506,3482445,33,35
2008,New Mexico,NM,0.22655982516845746,823650,21,21
2008,North Carolina,NC,0.08469184006441993,4271970,55,59
2008,Oklahoma,OK,0.1749596642162013,1346819,27,28
2008,Oregon,OR,0.03351222967529352,1767504,137,170
2008,Rhode Island,RI,0.46596264459495185,438812,10,10
2008,South Carolina,SC,0.15277774067010752,1871431,30,32
2008,South Dakota,SD,0.24983384689746843,380673,19,19
2008,Tennessee,TN,0.33500207251962705,2424585,14,14
2008,Texas,TX,0.11983000666702477,7912075,39,41
2008,Virginia,VA,0.31304006758718894,3643294,15,15
2008,West Virginia,WV,0.27470995631546274,702308,17,18
2008,Wyoming,WY,0.5136456179226981,250007,9,10
2010,Alabama,AL,0.30465318387962564,1485499,16,16
2010,Alaska,AK,0.040124773486025604,255503,115,136
2010,Arizona,AZ,0.2420883075287799,1708484,19,20
2010,Arkansas,AR,0.20957822033778786,779957,22,23
2010,California,CA,0.1001058983056271,10000160,46,49
2010,Colorado,CO,0.016283489233678988,1772286,282,465
2010,Connecticut,CT,0.09267332399630566,1153115,50,54
2010,Florida,FL,0.19186354878281814,5411106,24,25
2010,Georgia,GA,0.19308735164903112,2555258,24,25
2010,Hawaii,HI,0.5323746637055666,370583,9,9
2010,Idaho,ID,0.46247413965697504,449530,10,11
2010,Indiana,IN,0.1457975180010559,1744481,32,33
2010,Iowa,IA,0.3104923288380674,1116063,15,16
2010,Kansas,KS,0.43715828729413675,837692,11,11
2010,Kentucky,KY,0.11478095946009723,1356096,40,43
2010,Louisiana,LA,0.18880959119173688,1264994,25,26
2010,Maryland,MD,0.2643961528100867,1833858,18,18
2010,Missouri,MO,0.1360276434115147,1943899,34,36
2010,Nevada,NV,0.05742136167806111,721404,80,90
2010,New Hampshire,NH,0.23239647247696335,454710,20,21
2010,New York,NY,0.37957878620012725,4763899,13,13
2010,North Carolina,NC,0.11765515234697917,2660079,39,42
2010,North Dakota,ND,0.5396882624699204,238534,9,9
2010,Ohio,OH,0.17442409080972493,3815098,27,28
2010,Oklahoma,OK,0.44503520126313595,1017151,11,11
2010,Oregon,OR,0.17975194580850526,1442588,26,27
2010,Pennsylvania,PA,0.02016989381448042,3977661,227,334
2010,South Carolina,SC,0.33831894897914305,1318794,14,14
2010,South Dakota,SD,1,227947,5,5
2010,Utah,UT,0.2882131811424568,585230,16,17
2010,Vermont,VT,0.3341383972990671,235178,14,14
2010,Washington,WA,0.04729651697626612,2511094,97,112
2010,Wisconsin,WI,0.04837631848852156,2171331,95,110
2012,Arizona,AZ,0.030272949092948184,2243422,152,192
2012,California,CA,0.2504856894428919,12578511,19,19
2012,Connecticut,CT,0.12463188698765151,1511764,37,39
2012,Delaware,DE,0.3746565366886383,399606,13,13
2012,Florida,FL,0.13005995399725467,8189946,36,38
2012,Hawaii,HI,0.24818201157931097,437159,19,19
2012,Indiana,IN,0.05763832847284991,2560102,80,90
2012,Maine,ME,0.21412545534827243,724720,22,23
2012,Maryland,MD,0.2964935892518477,2633234,16,16
2012,Massachusetts,MA,0.0748377298382386,3184196,62,67
2012,Michigan,MI,0.20813605569666174,4652918,22,23
2012,Minnesota,MN,0.34700990817763183,2843207,14,14
2012,Mississippi,MS,0.1660472885899121,1241568,28,29
2012,Missouri,MO,0.15700605291744457,2725793,30,31
2012,Montana,MT,0.03718013603090938,486066,124,149
2012,Nebraska,NE,0.1554886554430033,788572,30,31
2012,Nevada,NV,0.011601465216149447,997805,395,887
2012,New Jersey,NJ,0.19491099015621702,3376649,24,25
2012,New Mexico,NM,0.057305234772677766,775793,80,90
2012,New York,NY,0.40825458349094546,7116628,12,12
2012,North Dakota,ND,0.009142316219515233,321144,501,1694
2012,Ohio,OH,0.06000677553276572,5449018,77,86
2012,Pennsylvania,PA,0.09102427363720013,5627422,51,55
2012,Rhode Island,RI,0.29845835256307557,418189,16,16
2012,Tennessee,TN,0.34484985205539403,2321477,14,14
2012,Texas,TX,0.15832653300990157,7864822,29,31
2012,Utah,UT,0.3532968981061693,1006901,13,14
2012,Vermont,VT,0.4609546320902303,292762,10,11
2012,Virginia,VA,0.05905140082205126,3802196,78,87
2012,Washington,WA,0.2090198236342602,3069417,22,23
2012,West Virginia,WV,0.24100351104661907,660202,19,20
2012,Wisconsin,WI,0.0554852760224509,3009411,83,94
2012,Wyoming,WY,0.5274471479856402,250700,9,9
2014,Alabama,AL,0.9450329425857791,818090,5,5
2014,Alaska,AK,0.021296033994334277,282400,215,309
2014,Arkansas,AR,0.1706715594598262,847505,27,28
2014,Colorado,CO,0.019444817344730036,2041058,236,352
2014,Delaware,DE,0.13601210059904803,234038,34,36
2014,Georgia,GA,0.07682709551543049,2567805,60,66
2014,Idaho,ID,0.30656723928906376,437170,15,16
2014,Illinois,IL,0.10853696067649428,3603519,43,45
2014,Iowa,IA,0.08338939541471187,1129700,55,60
2014,Kansas,KS,0.1061867417232458,866191,44,46
2014,Kentucky,KY,0.15467229578206354,1435868,30,31
2014,Louisiana,LA,0.04290693954869787,3523183,107,126
2014,Maine,ME,0.36183540898158173,616996,13,13
2014,Massachusetts,MA,0.22772841824245504,2186789,21,21
2014,Michigan,MI,0.13285311446611556,3121771,35,37
2014,Minnesota,MN,0.10243509049581939,1981528,45,48
2014,Mississippi,MS,0.2200526067565814,631858,21,22
2014,Montana,MT,0.17717791610108538,369826,26,27
2014,Nebraska,NE,0.3285153524559673,540337,14,15
2014,New Hampshire,NH,0.032442298513394204,488159,142,176
2014,New Jersey,NJ,0.1350972300598812,1869535,34,36
2014,New Mexico,NM,0.11117620357474016,515506,42,44
2014,North Carolina,NC,0.015644461031372275,2915281,293,498
2014,Oklahoma,OK,0.39459726853922045,820733,12,12
2014,Oregon,OR,0.18861973511546792,1461618,25,26
2014,Rhode Island,RI,0.4133538236277919,316898,12,12
2014,South Carolina,SC,0.17435638973449186,1240075,27,28
2014,South Dakota,SD,0.2085987717062975,279412,22,23
2014,Tennessee,TN,0.3000141914683803,1374065,16,16
2014,Texas,TX,0.2719549569977183,4648358,17,18
2014,Virginia,VA,0.008115000734730985,2184473,564,2732
2014,West Virginia,WV,0.27653304356067704,453689,17,17
2014,Wyoming,WY,0.5385649097591044,171153,9,9
2016,Alabama,AL,0.2809153203630852,2087444,17,17
2016,Alaska,AK,0.15195173403630222,311441,31,32
2016,Arizona,AZ,0.12961556546925196,2530730,36,38
2016,Arkansas,AR,0.236006147056221,1107522,20,20
2016,California,CA,0.23205623574321493,12244170,20,21
2016,Colorado,CO,0.056649907784222006,2743023,81,92
2016,Connecticut,CT,0.23062741029746736,1596276,20,21
2016,Florida,FL,0.07666273911987116,9301820,60,66
2016,Georgia,GA,0.1375055949499885,3898605,34,35
2016,Hawaii,HI,0.48884760912480807,437664,10,10
2016,Idaho,ID,0.3840793704331586,678943,12,13
2016,Illinois,IL,0.1508132555020341,5491878,31,32
2016,Indiana,IN,0.09699525643850095,2732546,48,51
2016,Iowa,IA,0.24434666029865623,1541036,19,20
2016,Kansas,KS,0.2993712656695435,1177922,16,16
2016,Kentucky,KY,0.14548783402899448,1903465,32,33
2016,Louisiana,LA,0.09431869730795536,1997218,49,53
2016,Maryland,MD,0.252130278009075,2726170,19,19
2016,Missouri,MO,0.027922948390464566,2802641,164,214
2016,Nevada,NV,0.024285072372493218,1108294,189,257
2016,New Hampshire,NH,0.001375923370403442,739140,3326,739140
2016,New York,NY,0.3923087918110176,7800725,12,12
2016,North Carolina,NC,0.056960866383451506,4691133,81,91
2016,North Dakota,ND,0.6150989340177109,342501,8,8
2016,Ohio,OH,0.20871320637033033,5374164,22,23
2016,Oklahoma,OK,0.4316027035034084,1448047,11,11
2016,Oregon,OR,0.23253168537622446,1952478,20,21
2016,Pennsylvania,PA,0.014324531185143864,6051856,320,581
2016,South Carolina,SC,0.26199855309521036,2049893,18,18
2016,South Dakota,SD,0.43655723158828746,369656,11,11
2016,Utah,UT,0.41087216280635325,1115583,12,12
2016,Vermont,VT,0.2764902470457177,320467,17,17
2016,Washington,WA,0.1802602089157489,3243317,26,27
2016,Wisconsin,WI,0.03361977196369569,2948741,137,169
2018,Arizona,AZ,0.023444957614536376,2384308,196,270
2018,California,CA,0.08327631489439201,11113364,55,60
2018,Connecticut,CT,0.17447434455308472,1386840,27,28
2018,Delaware,DE,0.2213452034242344,362592,21,22
2018,Florida,FL,0.0012250297771490982,8190005,3736,8190005
2018,Hawaii,HI,0.4230219569410147,388351,11,11
2018,Indiana,IN,0.058901718023364066,2282565,78,88
2018,Maine,ME,0.19084376167425116,634409,24,25
2018,Maryland,MD,0.3454936303447688,2299889,14,14
2018,Massachusetts,MA,0.24164730393152795,2707090,19,20
2018,Michigan,MI,0.06505602308655736,4237271,71,79
2018,Minnesota,MN,0.12069996826918533,5184235,38,41
2018,Mississippi,MS,0.0965678003561118,1843803,48,51
2018,Missouri,MO,0.05813890166151508,2442289,79,89
2018,Montana,MT,0.035514607917776934,504384,129,158
2018,Nebraska,NE,0.19063849027662713,698883,25,25
2018,Nevada,NV,0.05026992219163653,972132,92,105
2018,New Jersey,NJ,0.11179057902193222,3169310,41,44
2018,New Mexico,NM,0.23555548541488525,697012,20,20
2018,New York,NY,0.33443426926925524,6055151,14,14
2018,North Dakota,ND,0.10837130294537894,326138,43,45
2018,Ohio,OH,0.06845771541305194,4410898,67,74
2018,Pennsylvania,PA,0.12870429378035628,4994643,36,38
2018,Rhode Island,RI,0.2310783621508847,376738,20,21
2018,Tennessee,TN,0.10787034148341608,2243740,43,46
2018,Texas,TX,0.0256724626134259,8371655,179,238
2018,Utah,UT,0.3167667910184458,1062845,15,15
2018,Vermont,VT,0.39932654498503434,272624,12,12
2018,Virginia,VA,0.1599514587006579,3351373,29,30
2018,Washington,WA,0.16867519849859114,3086168,28,29
2018,West Virginia,WV,0.032485233594836946,582911,141,176
2018,Wisconsin,WI,0.10836953753064987,2657841,43,45
2018,Wyoming,WY,0.36861173925867663,203420,13,13
1976,Arizona,AZ,0.106714696239932,741210,43,46
1976,California,CA,0.03294400198324469,7470586,139,173
1976,Connecticut,CT,0.16499273683854926,1361666,28,29
1976,Delaware,DE,0.12194221401721568,224795,38,40
1976,Florida,FL,0.2595356695668363,2857534,18,19
1976,Hawaii,HI,0.13102299961601102,302092,35,37
1976,Indiana,IN,0.18846633817434585,2161187,25,26
1976,Maine,ME,0.20406505235575173,486193,23,24
1976,Maryland,MD,0.17700415296383917,1365290,26,27
1976,Massachusetts,MA,0.4030161504944295,2491255,12,12
1976,Michigan,MI,0.05613778545340779,3490412,82,93
1976,Minnesota,MN,0.42475183313982073,1912020,11,11
1976,Mississippi,MS,1,554433,5,5
1976,Missouri,MO,0.14442505980798764,1914460,32,34
1976,Montana,MT,0.2831557498172316,321445,17,17
1976,Nebraska,NE,0.05818374879911008,593310,79,89
1976,Nevada,NV,0.3157172645728805,201899,15,15
1976,New Jersey,NJ,0.22610747675354245,2771390,21,21
1976,New Mexico,NM,0.14114066857762628,413056,33,34
1976,New York,NY,0.10700245617324458,6666875,43,46
1976,North Dakota,ND,0.2554422705979609,283062,18,19
1976,Ohio,OH,0.029928738184564506,3920613,153,195
1976,Pennsylvania,PA,0.05606999720435259,4546353,82,93
1976,Rhode Island,RI,0.1570896401658536,398906,30,31
1976,Tennessee,TN,0.054431910706778976,1432046,85,96
1976,Texas,TX,0.145470454774239,3874230,32,33
1976,Utah,UT,0.12693350800983705,522108,37,38
1976,Vermont,VT,0.046540780704538244,189060,99,115
1976,Virginia,VA,0.1892577849117175,1557500,25,26
1976,Washington,WA,0.4759357284601884,1491111,10,10
1976,West Virginia,WV,1,566359,5,5
1976,Wisconsin,WI,0.45218875940931685,1935183,11,11
1976,Wyoming,WY,0.09173060089593739,155368,50,54
1978,Alabama,AL,0.8798945026245479,582005,6,6
1978,Alaska,AK,0.514978694975599,122741,9,9
1978,Arkansas,AR,0.6017697403787771,517138,8,8
1978,Colorado,CO,0.18389001728397472,819256,25,26
1978,Delaware,DE,0.16937533935534824,162072,28,29
1978,Georgia,GA,0.6626777941741794,645128,7,7
1978,Idaho,ID,0.36887205286449076,284047,13,13
1978,Illinois,IL,0.07866328556841261,3184764,59,64
1978,Iowa,IA,0.03217653678981683,824576,143,178
1978,Kansas,KS,0.11451326653659866,748839,40,43
1978,Kentucky,KY,0.24112436894771835,476783,19,20
1978,Louisiana,LA,1,1,5,5
1978,Maine,ME,0.22650980768513038,375114,21,21
1978,Massachusetts,MA,0.10207936747746386,1985700,45,48
1978,Michigan,MI,0.04286753108061111,2846630,107,126
1978,Minnesota,MN,0.16178251346621772,1580622,29,30
1978,Mississippi,MS,0.13513408196043616,590236,34,36
1978,Montana,MT,0.11378680428697446,287942,41,43
1978,Nebraska,NE,0.35315774338702555,493802,13,14
1978,New Hampshire,NH,0.021989687594783137,263760,209,295
1978,New Jersey,NJ,0.12197096829398497,1957515,38,40
1978,New Mexico,NM,0.06811611502036467,343487,68,75
1978,North Carolina,NC,0.09023308393803915,1135814,51,55
1978,Oklahoma,OK,0.326273029072049,754264,15,15
1978,Oregon,OR,0.23366363479504054,892518,20,21
1978,Rhode Island,RI,0.5022479042464776,305618,10,10
1978,South Carolina,SC,0.11355038975545159,632063,41,43
1978,South Dakota,SD,0.33671884475291375,255599,14,14
1978,Tennessee,TN,0.15246470900376288,1157094,31,32
1978,Texas,TX,0.005287259896045041,2312540,866,2312540
1978,Virginia,VA,0.003862529617363302,1222256,1185,1222256
1978,West Virginia,WV,0.009561144094164196,493351,479,1467
1978,Wyoming,WY,0.24333403317237035,133364,19,20
